Stimulus (mV),Current (mA),,,,,,,,
-499.633728,0.00065391,,,,,,,,
-449.6703491,0.000291564,,,,,,,,
-499.0964966,0.000171095,,,,,,,,
-449.1331177,0.000114844,,,,,,,,
-498.0220032,8.48443E-05,,,,,,,,
-448.0586243,6.00004E-05,,,,,,,,
-496.9475403,4.45315E-05,,,,,,,,
-446.9841614,2.53127E-05,,,,,,,,
-495.8730469,1.50001E-05,,,,,,,,
-445.909668,3.75002E-06,,,,,,,,
-494.7985535,-5.15628E-06,,,,,,,,
-444.8352051,-1.45313E-05,,,,,,,,
-493.7240906,-2.01564E-05,,,,,,,,
-443.7607117,-2.95314E-05,,,,,,,,
-492.6495972,-3.28127E-05,,,,,,,,
-442.6862183,-4.1719E-05,,,,,,,,
-492.1123657,-4.3594E-05,,,,,,,,
-442.1489868,-5.01566E-05,,,,,,,,
-491.0378723,-5.29691E-05,,,,,,,,
-441.0744934,-5.81254E-05,,,,,,,,
-489.9634094,-5.81254E-05,,,,,,,,
-440.0000305,-6.46879E-05,,,,,,,,
-488.888916,-6.60942E-05,,,,,,,,
-438.9255371,-7.12504E-05,,,,,,,,
-487.8144226,-6.98442E-05,,,,,,,,
-437.8510742,-7.54692E-05,,,,,,,,
-486.7399597,-7.50005E-05,,,,,,,,
-436.7765808,-8.01567E-05,,,,,,,,
-485.6654663,-8.06255E-05,,,,,,,,
-435.7020874,-8.39068E-05,,,,,,,,
-485.1282349,-8.29693E-05,,,,,,,,
-435.164856,-8.62505E-05,,,,,,,,
-484.0537415,-8.7188E-05,,,,,,,,
-434.0903931,-9.04693E-05,,,,,,,,
-482.9792786,-9.09381E-05,,,,,,,,
-433.0158997,-9.37506E-05,,,,,,,,
-481.9047852,-9.46881E-05,,,,,,,,
-431.9414063,-9.75006E-05,,,,,,,,
-480.8303223,-9.70318E-05,,,,,,,,
-430.8669434,-0.000100782,,,,,,,,
-479.7558289,-9.98444E-05,,,,,,,,
-429.79245,-0.000102657,,,,,,,,
-478.6813354,-0.000101251,,,,,,,,
-428.7179565,-0.000104532,,,,,,,,
-478.144104,-0.000103126,,,,,,,,
-428.1807251,-0.000107344,,,,,,,,
-477.0696106,-0.000105001,,,,,,,,
-427.1062622,-0.000108282,,,,,,,,
-475.9951477,-0.000106876,,,,,,,,
-426.0317688,-0.000110626,,,,,,,,
-474.9206543,-0.000110157,,,,,,,,
-424.9572754,-0.000112969,,,,,,,,
-473.8461914,-0.000112032,,,,,,,,
-423.8828125,-0.000114376,,,,,,,,
-472.771698,-0.000112501,,,,,,,,
-422.8083191,-0.000115313,,,,,,,,
-471.6972046,-0.000113907,,,,,,,,
-421.7338562,-0.000117188,,,,,,,,
-471.1599731,-0.000115313,,,,,,,,
-421.1965942,-0.000118594,,,,,,,,
-470.0855103,-0.000118126,,,,,,,,
-420.1221313,-0.000120001,,,,,,,,
-469.0110168,-0.000120001,,,,,,,,
-419.0476379,-0.000120938,,,,,,,,
-467.9365234,-0.000120938,,,,,,,,
-417.9731445,-0.000122344,,,,,,,,
-466.8620605,-0.000121407,,,,,,,,
-416.8986816,-0.000124688,,,,,,,,
-465.7875671,-0.000123282,,,,,,,,
-415.8242188,-0.000125157,,,,,,,,
-464.7131042,-0.000124688,,,,,,,,
-414.7497253,-0.000126095,,,,,,,,
-463.6386108,-0.000125157,,,,,,,,
-413.6752319,-0.000128438,,,,,,,,
-463.1013794,-0.000127032,,,,,,,,
-413.1380005,-0.000129845,,,,,,,,
-462.026886,-0.00012797,,,,,,,,
-412.0635071,-0.000129845,,,,,,,,
-460.9523926,-0.00012797,,,,,,,,
-410.9890442,-0.000131251,,,,,,,,
-459.8779297,-0.000129845,,,,,,,,
-409.9145508,-0.00013172,,,,,,,,
-458.8034363,-0.000131251,,,,,,,,
-408.8400879,-0.000133126,,,,,,,,
-457.7289734,-0.000132188,,,,,,,,
-407.7655945,-0.000133595,,,,,,,,
-456.65448,-0.000132188,,,,,,,,
-406.6911011,-0.000135938,,,,,,,,
-456.1172485,-0.000134063,,,,,,,,
-406.1538696,-0.00013547,,,,,,,,
-455.0427551,-0.00013547,,,,,,,,
-405.0794067,-0.000136407,,,,,,,,
-453.9682922,-0.00013547,,,,,,,,
-404.0049133,-0.000138282,,,,,,,,
-452.8937988,-0.000137813,,,,,,,,
-402.9304199,-0.000138751,,,,,,,,
-451.8193054,-0.000137345,,,,,,,,
-401.855957,-0.000138751,,,,,,,,
-450.7448425,-0.000137813,,,,,,,,
-400.7814636,-0.000140157,,,,,,,,
-449.6703491,-0.000138282,,,,,,,,
-399.7069702,-0.000139688,,,,,,,,
-449.1331177,-0.00013922,,,,,,,,
-399.1697388,-0.000141563,,,,,,,,
-448.0586243,-0.000139688,,,,,,,,
-398.0952759,-0.000141563,,,,,,,,
-446.9841614,-0.000140626,,,,,,,,
-397.0207825,-0.00014297,,,,,,,,
-445.909668,-0.000141095,,,,,,,,
-395.9462891,-0.000143907,,,,,,,,
-444.8352051,-0.000142501,,,,,,,,
-394.8718262,-0.000144376,,,,,,,,
-443.7607117,-0.000142032,,,,,,,,
-393.7973328,-0.000144845,,,,,,,,
-442.6862183,-0.000143438,,,,,,,,
-392.7228394,-0.000146251,,,,,,,,
-442.1489868,-0.000143907,,,,,,,,
-392.1856079,-0.00014672,,,,,,,,
-441.0744934,-0.000144845,,,,,,,,
-391.111145,-0.000146251,,,,,,,,
-440.0000305,-0.000145313,,,,,,,,
-390.0366516,-0.000146251,,,,,,,,
-438.9255371,-0.000145313,,,,,,,,
-388.9621582,-0.000147657,,,,,,,,
-437.8510742,-0.000144845,,,,,,,,
-387.8876953,-0.000148126,,,,,,,,
-436.7765808,-0.000147657,,,,,,,,
-386.8132019,-0.000148126,,,,,,,,
-435.7020874,-0.000147657,,,,,,,,
-385.738739,-0.000149063,,,,,,,,
-435.164856,-0.000147188,,,,,,,,
-385.2014771,-0.000149532,,,,,,,,
-434.0903931,-0.000146251,,,,,,,,
-384.1270142,-0.000150938,,,,,,,,
-433.0158997,-0.000148126,,,,,,,,
-383.0525208,-0.000151407,,,,,,,,
-431.9414063,-0.000148595,,,,,,,,
-381.9780273,-0.000151407,,,,,,,,
-430.8669434,-0.000148126,,,,,,,,
-380.9035645,-0.000151876,,,,,,,,
-429.79245,-0.000150001,,,,,,,,
-379.829071,-0.000151407,,,,,,,,
-428.7179565,-0.000150938,,,,,,,,
-378.7546082,-0.000153282,,,,,,,,
-427.6434937,-0.000152345,,,,,,,,
-377.6801147,-0.000152813,,,,,,,,
-427.1062622,-0.000150001,,,,,,,,
-377.1428833,-0.000153282,,,,,,,,
-426.0317688,-0.000152345,,,,,,,,
-376.0683899,-0.000153282,,,,,,,,
-424.9572754,-0.000152345,,,,,,,,
-374.993927,-0.00015422,,,,,,,,
-423.8828125,-0.000152813,,,,,,,,
-373.9194336,-0.000154688,,,,,,,,
-422.8083191,-0.000152813,,,,,,,,
-372.8449707,-0.000156095,,,,,,,,
-421.7338562,-0.000152813,,,,,,,,
-371.7704773,-0.000155157,,,,,,,,
-420.6593628,-0.000154688,,,,,,,,
-370.6959839,-0.000156563,,,,,,,,
-420.1221313,-0.00015422,,,,,,,,
-370.1587524,-0.000156095,,,,,,,,
-419.0476379,-0.00015422,,,,,,,,
-369.0842896,-0.000156095,,,,,,,,
-417.9731445,-0.000155626,,,,,,,,
-368.0097961,-0.000156095,,,,,,,,
-416.8986816,-0.000155157,,,,,,,,
-366.9353027,-0.000156095,,,,,,,,
-415.8242188,-0.000155626,,,,,,,,
-365.8608398,-0.000157032,,,,,,,,
-414.7497253,-0.000156095,,,,,,,,
-364.7863464,-0.000158438,,,,,,,,
-413.6752319,-0.000156563,,,,,,,,
-363.711853,-0.000158438,,,,,,,,
-413.1380005,-0.000157032,,,,,,,,
-363.1746216,-0.000158438,,,,,,,,
-412.0635071,-0.000156563,,,,,,,,
-362.1001587,-0.000159845,,,,,,,,
-410.9890442,-0.000157032,,,,,,,,
-361.0256653,-0.000159845,,,,,,,,
-409.9145508,-0.000157032,,,,,,,,
-359.9511719,-0.000159376,,,,,,,,
-408.8400879,-0.000158438,,,,,,,,
-358.876709,-0.000158907,,,,,,,,
-407.7655945,-0.000157032,,,,,,,,
-357.8022156,-0.000160313,,,,,,,,
-406.6911011,-0.00015797,,,,,,,,
-356.7277222,-0.000158907,,,,,,,,
-406.1538696,-0.000159845,,,,,,,,
-356.1904907,-0.000160313,,,,,,,,
-405.0794067,-0.000159376,,,,,,,,
-355.1160278,-0.000160782,,,,,,,,
-404.0049133,-0.000159845,,,,,,,,
-354.0415344,-0.000160782,,,,,,,,
-402.9304199,-0.000160782,,,,,,,,
-352.967041,-0.000161251,,,,,,,,
-401.855957,-0.000159845,,,,,,,,
-351.8925781,-0.000161251,,,,,,,,
-400.7814636,-0.000160313,,,,,,,,
-350.8180847,-0.000163126,,,,,,,,
-399.7069702,-0.000160313,,,,,,,,
-349.7435913,-0.000163126,,,,,,,,
-399.1697388,-0.00016172,,,,,,,,
-349.2063599,-0.000162188,,,,,,,,
-398.0952759,-0.000160782,,,,,,,,
-348.131897,-0.000164532,,,,,,,,
-397.0207825,-0.000162188,,,,,,,,
-347.0574036,-0.000163595,,,,,,,,
-395.9462891,-0.000161251,,,,,,,,
-345.9829102,-0.000164063,,,,,,,,
-394.8718262,-0.000162188,,,,,,,,
-344.9084473,-0.000165001,,,,,,,,
-393.7973328,-0.000163595,,,,,,,,
-343.8339844,-0.000165001,,,,,,,,
-392.7228394,-0.000162188,,,,,,,,
-342.7594604,-0.00016547,,,,,,,,
-391.6483765,-0.000164063,,,,,,,,
-341.6849976,-0.000164063,,,,,,,,
-391.111145,-0.000163126,,,,,,,,
-341.1477661,-0.00016547,,,,,,,,
-390.0366516,-0.000163126,,,,,,,,
-340.0732727,-0.000164532,,,,,,,,
-388.9621582,-0.000164532,,,,,,,,
-338.9987793,-0.000164063,,,,,,,,
-387.8876953,-0.000164063,,,,,,,,
-337.9243164,-0.000165939,,,,,,,,
-386.8132019,-0.000164532,,,,,,,,
-336.8498535,-0.00016547,,,,,,,,
-385.738739,-0.000164063,,,,,,,,
-335.7753601,-0.00016547,,,,,,,,
-384.6642456,-0.00016547,,,,,,,,
-334.7008667,-0.000167345,,,,,,,,
-384.1270142,-0.000165001,,,,,,,,
-334.1636353,-0.000166407,,,,,,,,
-383.0525208,-0.000165939,,,,,,,,
-333.0891724,-0.000167345,,,,,,,,
-381.9780273,-0.000165939,,,,,,,,
-332.014679,-0.000167345,,,,,,,,
-380.9035645,-0.000165001,,,,,,,,
-330.9401855,-0.000166876,,,,,,,,
-379.829071,-0.000165939,,,,,,,,
-329.8657227,-0.000168282,,,,,,,,
-378.7546082,-0.000165939,,,,,,,,
-328.7912292,-0.00016922,,,,,,,,
-377.6801147,-0.000166407,,,,,,,,
-327.7167358,-0.000168751,,,,,,,,
-377.1428833,-0.000166407,,,,,,,,
-327.1795044,-0.000167814,,,,,,,,
-376.0683899,-0.000166876,,,,,,,,
-326.1050415,-0.000168282,,,,,,,,
-374.993927,-0.000166876,,,,,,,,
-325.0305481,-0.000168282,,,,,,,,
-373.9194336,-0.000166407,,,,,,,,
-323.9560547,-0.00016922,,,,,,,,
-372.8449707,-0.000166876,,,,,,,,
-322.8815918,-0.000169689,,,,,,,,
-371.7704773,-0.000167814,,,,,,,,
-321.8070984,-0.000168751,,,,,,,,
-370.6959839,-0.000168751,,,,,,,,
-320.732605,-0.000169689,,,,,,,,
-370.1587524,-0.000168282,,,,,,,,
-320.1953735,-0.000168751,,,,,,,,
-369.0842896,-0.000167814,,,,,,,,
-319.1209106,-0.000168751,,,,,,,,
-368.0097961,-0.000168751,,,,,,,,
-318.0464172,-0.000170157,,,,,,,,
-366.9353027,-0.000169689,,,,,,,,
-316.9719238,-0.000170157,,,,,,,,
-365.8608398,-0.000168282,,,,,,,,
-315.8974609,-0.000172032,,,,,,,,
-364.7863464,-0.000169689,,,,,,,,
-314.8229675,-0.000169689,,,,,,,,
-363.711853,-0.00016922,,,,,,,,
-313.7484741,-0.000170157,,,,,,,,
-362.6373901,-0.000168751,,,,,,,,
-312.6740112,-0.000169689,,,,,,,,
-362.1001587,-0.000169689,,,,,,,,
-312.1367798,-0.000171564,,,,,,,,
-361.0256653,-0.000170157,,,,,,,,
-311.0622864,-0.000171564,,,,,,,,
-359.9511719,-0.000170626,,,,,,,,
-309.987793,-0.000170626,,,,,,,,
-358.876709,-0.000169689,,,,,,,,
-308.9133301,-0.000172032,,,,,,,,
-357.8022156,-0.000170157,,,,,,,,
-307.8388672,-0.000171564,,,,,,,,
-356.7277222,-0.000171095,,,,,,,,
-306.7643433,-0.000171564,,,,,,,,
-355.6532593,-0.000170157,,,,,,,,
-305.6898804,-0.000172501,,,,,,,,
-355.1160278,-0.000171095,,,,,,,,
-305.1526489,-0.00017297,,,,,,,,
-354.0415344,-0.000170157,,,,,,,,
-304.0781555,-0.000172032,,,,,,,,
-352.967041,-0.000170157,,,,,,,,
-303.0036621,-0.000173907,,,,,,,,
-351.8925781,-0.000171564,,,,,,,,
-301.9291992,-0.000172501,,,,,,,,
-350.8180847,-0.000172032,,,,,,,,
-300.8547363,-0.000172501,,,,,,,,
-349.7435913,-0.000172032,,,,,,,,
-299.7802429,-0.00017297,,,,,,,,
-348.6691284,-0.000171095,,,,,,,,
-298.7057495,-0.00017297,,,,,,,,
-348.131897,-0.000172501,,,,,,,,
-298.1685181,-0.000174845,,,,,,,,
-347.0574036,-0.000172032,,,,,,,,
-297.0940552,-0.000173439,,,,,,,,
-345.9829102,-0.000172032,,,,,,,,
-296.0195313,-0.000173907,,,,,,,,
-344.9084473,-0.000172032,,,,,,,,
-294.9450684,-0.000173439,,,,,,,,
-343.8339844,-0.000173439,,,,,,,,
-293.8706055,-0.000173907,,,,,,,,
-342.7594604,-0.00017297,,,,,,,,
-292.7961121,-0.000173907,,,,,,,,
-341.6849976,-0.00017297,,,,,,,,
-291.7216187,-0.000173439,,,,,,,,
-341.1477661,-0.00017297,,,,,,,,
-291.1843872,-0.000174376,,,,,,,,
-340.0732727,-0.000172501,,,,,,,,
-290.1099243,-0.000173907,,,,,,,,
-338.9987793,-0.000174376,,,,,,,,
-289.0354309,-0.000174845,,,,,,,,
-337.9243164,-0.00017297,,,,,,,,
-287.9609375,-0.000175314,,,,,,,,
-336.8498535,-0.000174376,,,,,,,,
-286.8864746,-0.000173907,,,,,,,,
-335.7753601,-0.00017297,,,,,,,,
-285.8119812,-0.000176251,,,,,,,,
-334.7008667,-0.000173907,,,,,,,,
-284.7374878,-0.000176251,,,,,,,,
-334.1636353,-0.00017297,,,,,,,,
-284.2002563,-0.000174376,,,,,,,,
-333.0891724,-0.000173907,,,,,,,,
-283.1257935,-0.000175782,,,,,,,,
-332.014679,-0.000174376,,,,,,,,
-282.0513,-0.000175314,,,,,,,,
-330.9401855,-0.000173907,,,,,,,,
-280.9768066,-0.000174376,,,,,,,,
-329.8657227,-0.000174845,,,,,,,,
-279.9023438,-0.000175782,,,,,,,,
-328.7912292,-0.000174845,,,,,,,,
-278.8278503,-0.000177657,,,,,,,,
-327.7167358,-0.000173439,,,,,,,,
-277.7533569,-0.000177189,,,,,,,,
-326.6422729,-0.000173439,,,,,,,,
-276.678894,-0.000175782,,,,,,,,
-326.1050415,-0.000173439,,,,,,,,
-276.1416626,-0.00017672,,,,,,,,
-325.0305481,-0.000175314,,,,,,,,
-275.0671692,-0.000177189,,,,,,,,
-323.9560547,-0.000175314,,,,,,,,
-273.9926758,-0.000177189,,,,,,,,
-322.8815918,-0.000174845,,,,,,,,
-272.9182129,-0.00017672,,,,,,,,
-321.8070984,-0.000176251,,,,,,,,
-271.84375,-0.000176251,,,,,,,,
-320.732605,-0.000174376,,,,,,,,
-270.7692261,-0.000177189,,,,,,,,
-319.6581421,-0.000173439,,,,,,,,
-269.6947632,-0.000177657,,,,,,,,
-319.1209106,-0.00017672,,,,,,,,
-269.1575317,-0.000176251,,,,,,,,
-318.0464172,-0.000178595,,,,,,,,
-268.0830383,-0.000175314,,,,,,,,
-316.9719238,-0.000179064,,,,,,,,
-267.0085449,-0.000160313,,,,,,,,
-315.8974609,-0.000180001,,,,,,,,
-265.934082,-0.00016922,,,,,,,,
-314.8229675,-0.000181876,,,,,,,,
-264.8596191,-0.000170157,,,,,,,,
-313.7484741,-0.000182345,,,,,,,,
-263.7851257,-0.00016922,,,,,,,,
-312.6740112,-0.000183282,,,,,,,,
-262.7106323,-0.000168282,,,,,,,,
-312.1367798,-0.000185157,,,,,,,,
-262.1734009,-0.000167814,,,,,,,,
-311.0622864,-0.000187032,,,,,,,,
-261.098938,-0.000167814,,,,,,,,
-309.987793,-0.000187032,,,,,,,,
-260.0244141,-0.000166876,,,,,,,,
-308.9133301,-0.000188907,,,,,,,,
-258.9499512,-0.000166407,,,,,,,,
-307.8388672,-0.000191251,,,,,,,,
-257.8754883,-0.000165939,,,,,,,,
-306.7643433,-0.000190782,,,,,,,,
-256.8009949,-0.000165939,,,,,,,,
-305.6898804,-0.000194532,,,,,,,,
-255.7265167,-0.000163595,,,,,,,,
-305.1526489,-0.00019547,,,,,,,,
-255.18927,-0.000162188,,,,,,,,
-304.0781555,-0.000197345,,,,,,,,
-254.1147919,-0.000161251,,,,,,,,
-303.0036621,-0.000199689,,,,,,,,
-253.0403137,-0.000160782,,,,,,,,
-301.9291992,-0.000200157,,,,,,,,
-251.9658203,-0.000159845,,,,,,,,
-300.8547363,-0.00020297,,,,,,,,
-250.8913422,-0.000160313,,,,,,,,
-299.7802429,-0.000203439,,,,,,,,
-249.816864,-0.000159376,,,,,,,,
-298.7057495,-0.000206251,,,,,,,,
-248.7423859,-0.000157501,,,,,,,,
-298.1685181,-0.000207658,,,,,,,,
-248.2051392,-0.000156563,,,,,,,,
-297.0940552,-0.000209533,,,,,,,,
-247.130661,-0.000153282,,,,,,,,
-296.0195313,-0.000212345,,,,,,,,
-246.0561829,-0.000150938,,,,,,,,
-294.9450684,-0.000213751,,,,,,,,
-244.9817047,-0.000148126,,,,,,,,
-293.8706055,-0.000215158,,,,,,,,
-243.9072266,-0.000144376,,,,,,,,
-292.7961121,-0.000219376,,,,,,,,
-242.8327332,-0.00014297,,,,,,,,
-291.7216187,-0.000219376,,,,,,,,
-241.7582703,-0.00014297,,,,,,,,
-290.6471558,-0.000222658,,,,,,,,
-240.6837769,-0.000141095,,,,,,,,
-290.1099243,-0.000225939,,,,,,,,
-240.1465454,-0.000141095,,,,,,,,
-289.0354309,-0.000228283,,,,,,,,
-239.072052,-0.000138282,,,,,,,,
-287.9609375,-0.00022922,,,,,,,,
-237.9975586,-0.000136876,,,,,,,,
-286.8864746,-0.000231564,,,,,,,,
-236.9230957,-0.000135938,,,,,,,,
-285.8119812,-0.000234845,,,,,,,,
-235.8486023,-0.000133595,,,,,,,,
-284.7374878,-0.000239064,,,,,,,,
-234.7741394,-0.000132188,,,,,,,,
-283.6630249,-0.00024047,,,,,,,,
-233.699646,-0.000130313,,,,,,,,
-283.1257935,-0.000244689,,,,,,,,
-233.1624146,-0.000128438,,,,,,,,
-282.0513,-0.00024797,,,,,,,,
-232.0879211,-0.000126563,,,,,,,,
-280.9768066,-0.00024797,,,,,,,,
-231.0134583,-0.000124219,,,,,,,,
-279.9023438,-0.000253595,,,,,,,,
-229.9389648,-0.000121407,,,,,,,,
-278.8278503,-0.00025547,,,,,,,,
-228.8644714,-0.000120469,,,,,,,,
-277.7533569,-0.000261095,,,,,,,,
-227.7900085,-0.000117657,,,,,,,,
-276.678894,-0.000264377,,,,,,,,
-226.7155151,-0.000114844,,,,,,,,
-276.1416626,-0.000265314,,,,,,,,
-226.1782837,-0.000112032,,,,,,,,
-275.0671692,-0.000269064,,,,,,,,
-225.1037903,-0.000109688,,,,,,,,
-273.9926758,-0.000271408,,,,,,,,
-224.0293274,-0.000106876,,,,,,,,
-272.9182129,-0.000276095,,,,,,,,
-222.954834,-0.000104063,,,,,,,,
-271.84375,-0.000279377,,,,,,,,
-221.8803711,-0.000106407,,,,,,,,
-270.7692261,-0.00028172,,,,,,,,
-220.8058777,-0.000105469,,,,,,,,
-269.6947632,-0.000285939,,,,,,,,
-219.7313843,-0.000103594,,,,,,,,
-269.1575317,-0.000289689,,,,,,,,
-219.1941528,-0.000102188,,,,,,,,
-268.0830383,-0.000294377,,,,,,,,
-218.1196594,-9.98444E-05,,,,,,,,
-267.0085449,-0.000296721,,,,,,,,
-217.0451965,-9.84381E-05,,,,,,,,
-265.934082,-0.000298127,,,,,,,,
-215.9707031,-9.70318E-05,,,,,,,,
-264.8596191,-0.000302814,,,,,,,,
-214.8962402,-9.46881E-05,,,,,,,,
-263.7851257,-0.000305158,,,,,,,,
-213.8217468,-9.18756E-05,,,,,,,,
-262.7106323,-0.000309846,,,,,,,,
-212.7472534,-8.85943E-05,,,,,,,,
-261.6361694,-0.000314533,,,,,,,,
-211.6727905,-8.81255E-05,,,,,,,,
-261.098938,-0.000317346,,,,,,,,
-211.1355591,-8.39068E-05,,,,,,,,
-260.0244141,-0.000321096,,,,,,,,
-210.0610657,-8.29693E-05,,,,,,,,
-258.9499512,-0.000322971,,,,,,,,
-208.9865723,-8.1563E-05,,,,,,,,
-257.8754883,-0.000328596,,,,,,,,
-207.9121094,-7.87505E-05,,,,,,,,
-256.8009949,-0.000330002,,,,,,,,
-206.837616,-7.64067E-05,,,,,,,,
-255.7265167,-0.000334221,,,,,,,,
-205.7631531,-7.40629E-05,,,,,,,,
-254.6520233,-0.000339377,,,,,,,,
-204.6886597,-7.07817E-05,,,,,,,,
-254.1147919,-0.000343596,,,,,,,,
-204.1514282,-6.93754E-05,,,,,,,,
-253.0403137,-0.000347815,,,,,,,,
-203.0769348,-6.65629E-05,,,,,,,,
-251.9658203,-0.000347815,,,,,,,,
-202.0024414,-6.51566E-05,,,,,,,,
-250.8913422,-0.000352971,,,,,,,,
-200.9279785,-6.23441E-05,,,,,,,,
-249.816864,-0.000355783,,,,,,,,
-199.8534851,-6.04691E-05,,,,,,,,
-248.7423859,-0.000361877,,,,,,,,
-198.7790222,-5.67191E-05,,,,,,,,
-247.6679077,-0.000365158,,,,,,,,
-197.7045288,-5.48441E-05,,,,,,,,
-247.130661,-0.000369846,,,,,,,,
-197.1672974,-5.34378E-05,,,,,,,,
-246.0561829,-0.000374534,,,,,,,,
-196.092804,-4.96878E-05,,,,,,,,
-244.9817047,-0.000375471,,,,,,,,
-195.0183411,-4.82815E-05,,,,,,,,
-243.9072266,-0.00037969,,,,,,,,
-193.9438477,-4.5469E-05,,,,,,,,
-242.8327332,-0.000384846,,,,,,,,
-192.8693542,-4.40628E-05,,,,,,,,
-241.7582703,-0.000389534,,,,,,,,
-191.7948914,-4.1719E-05,,,,,,,,
-240.6837769,-0.000392815,,,,,,,,
-190.7203979,-3.84377E-05,,,,,,,,
-240.1465454,-0.000397034,,,,,,,,
-190.1831665,-3.56252E-05,,,,,,,,
-239.072052,-0.00040219,,,,,,,,
-189.1086731,-3.14064E-05,,,,,,,,
-237.9975586,-0.00040594,,,,,,,,
-188.0342102,-3.14064E-05,,,,,,,,
-236.9230957,-0.00040594,,,,,,,,
-186.9597168,-2.90627E-05,,,,,,,,
-235.8486023,-0.000410628,,,,,,,,
-185.8852234,-2.67189E-05,,,,,,,,
-234.7741394,-0.000416253,,,,,,,,
-184.8107605,-2.39064E-05,,,,,,,,
-233.699646,-0.000420471,,,,,,,,
-183.7362671,-2.29689E-05,,,,,,,,
-233.1624146,-0.000425159,,,,,,,,
-183.1990356,-1.96876E-05,,,,,,,,
-232.0879211,-0.000430315,,,,,,,,
-182.1245422,-1.64063E-05,,,,,,,,
-231.0134583,-0.000434065,,,,,,,,
-181.0500793,-1.45313E-05,,,,,,,,
-229.9389648,-0.000435003,,,,,,,,
-179.9755859,-1.40626E-05,,,,,,,,
-228.8644714,-0.000438753,,,,,,,,
-178.901123,-1.17188E-05,,,,,,,,
-227.7900085,-0.000442971,,,,,,,,
-177.8266296,-9.84381E-06,,,,,,,,
-226.7155151,-0.000447659,,,,,,,,
-176.7521362,-8.43755E-06,,,,,,,,
-225.6410522,-0.000450003,,,,,,,,
-175.6776733,-4.68753E-06,,,,,,,,
-225.1037903,-0.000457503,,,,,,,,
-175.1404419,-4.68753E-07,,,,,,,,
-224.0293274,-0.000461253,,,,,,,,
-174.0659485,-1.87501E-06,,,,,,,,
-222.954834,-0.000461253,,,,,,,,
-172.9914551,0,,,,,,,,
-221.8803711,-0.000466878,,,,,,,,
-171.9169922,2.34376E-06,,,,,,,,
-220.8058777,-0.000470159,,,,,,,,
-170.8424988,4.21878E-06,,,,,,,,
-219.7313843,-0.000474378,,,,,,,,
-169.7680359,5.62503E-06,,,,,,,,
-218.6569214,-0.000480472,,,,,,,,
-168.6935425,4.68753E-06,,,,,,,,
-218.1196594,-0.00048469,,,,,,,,
-168.156311,7.50005E-06,,,,,,,,
-217.0451965,-0.000488909,,,,,,,,
-167.0818176,1.12501E-05,,,,,,,,
-215.9707031,-0.000488909,,,,,,,,
-166.0073242,1.17188E-05,,,,,,,,
-214.8962402,-0.000492659,,,,,,,,
-164.9328613,1.26563E-05,,,,,,,,
-213.8217468,-0.000497816,,,,,,,,
-163.8583679,1.35938E-05,,,,,,,,
-212.7472534,-0.000502034,,,,,,,,
-162.783905,1.40626E-05,,,,,,,,
-211.6727905,-0.000505784,,,,,,,,
-161.7094116,1.50001E-05,,,,,,,,
-211.1355591,-0.000509534,,,,,,,,
-161.1721802,1.64063E-05,,,,,,,,
-210.0610657,-0.000515159,,,,,,,,
-160.0976868,1.92189E-05,,,,,,,,
-208.9865723,-0.000514222,,,,,,,,
-159.0232239,2.06251E-05,,,,,,,,
-207.9121094,-0.000519847,,,,,,,,
-157.9487305,1.96876E-05,,,,,,,,
-206.837616,-0.000521253,,,,,,,,
-156.8742371,2.01564E-05,,,,,,,,
-205.7631531,-0.000526409,,,,,,,,
-155.7997742,2.25001E-05,,,,,,,,
-204.6886597,-0.000531566,,,,,,,,
-154.7252808,2.25001E-05,,,,,,,,
-204.1514282,-0.000535316,,,,,,,,
-154.1880493,2.34376E-05,,,,,,,,
-203.0769348,-0.000540941,,,,,,,,
-153.1135559,2.71877E-05,,,,,,,,
-202.0024414,-0.000544691,,,,,,,,
-152.039093,2.62502E-05,,,,,,,,
-200.9279785,-0.000541878,,,,,,,,
-150.9645996,2.67189E-05,,,,,,,,
-199.8534851,-0.000547503,,,,,,,,
-149.8901062,2.62502E-05,,,,,,,,
-198.7790222,-0.000553128,,,,,,,,
-148.8156433,2.53127E-05,,,,,,,,
-197.7045288,-0.000553597,,,,,,,,
-147.7411499,2.57814E-05,,,,,,,,
-197.1672974,-0.000559222,,,,,,,,
-147.2039185,2.76564E-05,,,,,,,,
-196.092804,-0.000563441,,,,,,,,
-146.129425,3.09377E-05,,,,,,,,
-195.0183411,-0.00056766,,,,,,,,
-145.0549622,2.90627E-05,,,,,,,,
-193.9438477,-0.000566722,,,,,,,,
-143.9804688,2.90627E-05,,,,,,,,
-192.8693542,-0.000570941,,,,,,,,
-142.9060059,3.04689E-05,,,,,,,,
-191.7948914,-0.000574222,,,,,,,,
-141.8315125,2.76564E-05,,,,,,,,
-190.7203979,-0.000577503,,,,,,,,
-140.757019,2.67189E-05,,,,,,,,
-189.6459351,-0.000581254,,,,,,,,
-139.6825562,2.76564E-05,,,,,,,,
-189.1086731,-0.000584066,,,,,,,,
-139.1452942,2.67189E-05,,,,,,,,
-188.0342102,-0.00059016,,,,,,,,
-138.0708313,2.85939E-05,,,,,,,,
-186.9597168,-0.000587816,,,,,,,,
-136.9963379,2.85939E-05,,,,,,,,
-185.8852234,-0.000592504,,,,,,,,
-135.921875,2.71877E-05,,,,,,,,
-184.8107605,-0.000596722,,,,,,,,
-134.8473816,2.62502E-05,,,,,,,,
-183.7362671,-0.000600004,,,,,,,,
-133.7728882,2.53127E-05,,,,,,,,
-182.6618042,-0.000603754,,,,,,,,
-132.6984253,2.39064E-05,,,,,,,,
-182.1245422,-0.000606566,,,,,,,,
-132.1611938,2.39064E-05,,,,,,,,
-181.0500793,-0.000612191,,,,,,,,
-131.0867004,2.48439E-05,,,,,,,,
-179.9755859,-0.00060891,,,,,,,,
-130.012207,2.39064E-05,,,,,,,,
-178.901123,-0.000614535,,,,,,,,
-128.9377441,2.29689E-05,,,,,,,,
-177.8266296,-0.00061641,,,,,,,,
-127.8632507,2.06251E-05,,,,,,,,
-176.7521362,-0.000619691,,,,,,,,
-126.7887878,1.96876E-05,,,,,,,,
-175.6776733,-0.000622504,,,,,,,,
-125.7142944,1.78126E-05,,,,,,,,
-175.1404419,-0.000625316,,,,,,,,
-125.177063,1.59376E-05,,,,,,,,
-174.0659485,-0.000630004,,,,,,,,
-124.1025696,1.82814E-05,,,,,,,,
-172.9914551,-0.000627191,,,,,,,,
-123.0281067,1.78126E-05,,,,,,,,
-171.9169922,-0.000630004,,,,,,,,
-121.9536133,1.40626E-05,,,,,,,,
-170.8424988,-0.000633285,,,,,,,,
-120.8791199,1.45313E-05,,,,,,,,
-169.7680359,-0.000636566,,,,,,,,
-119.804657,1.31251E-05,,,,,,,,
-168.6935425,-0.00063891,,,,,,,,
-118.7301636,1.17188E-05,,,,,,,,
-168.156311,-0.000641254,,,,,,,,
-118.1929321,9.84381E-06,,,,,,,,
-167.0818176,-0.000645004,,,,,,,,
-117.1184387,1.35938E-05,,,,,,,,
-166.0073242,-0.000648285,,,,,,,,
-116.0439758,9.84381E-06,,,,,,,,
-164.9328613,-0.000645473,,,,,,,,
-114.9694824,7.9688E-06,,,,,,,,
-163.8583679,-0.000648285,,,,,,,,
-113.894989,5.15628E-06,,,,,,,,
-162.783905,-0.000649691,,,,,,,,
-112.8205261,4.21878E-06,,,,,,,,
-161.7094116,-0.000652035,,,,,,,,
-111.7460327,2.34376E-06,,,,,,,,
-160.6349182,-0.000652973,,,,,,,,
-110.6715698,0,,,,,,,,
-160.0976868,-0.000657192,,,,,,,,
-110.1343079,4.21878E-06,,,,,,,,
-159.0232239,-0.000659535,,,,,,,,
-109.059845,-1.87501E-06,,,,,,,,
-157.9487305,-0.000655785,,,,,,,,
-107.9853516,-1.40626E-06,,,,,,,,
-156.8742371,-0.000656254,,,,,,,,
-106.9108887,-4.68753E-06,,,,,,,,
-155.7997742,-0.000660004,,,,,,,,
-105.8363953,-5.15628E-06,,,,,,,,
-154.7252808,-0.000660942,,,,,,,,
-104.7619019,-7.9688E-06,,,,,,,,
-153.6508179,-0.000661879,,,,,,,,
-103.687439,-1.07813E-05,,,,,,,,
-153.1135559,-0.000664692,,,,,,,,
-103.150177,-1.21876E-05,,,,,,,,
-152.039093,-0.000666567,,,,,,,,
-102.0757141,-1.17188E-05,,,,,,,,
-150.9645996,-0.000663754,,,,,,,,
-101.0012207,-1.45313E-05,,,,,,,,
-149.8901062,-0.000662817,,,,,,,,
-99.92675781,-1.73439E-05,,,,,,,,
-148.8156433,-0.000666098,,,,,,,,
-98.8522644,-1.82814E-05,,,,,,,,
-147.7411499,-0.000668442,,,,,,,,
-97.777771,-2.06251E-05,,,,,,,,
-146.666687,-0.000667504,,,,,,,,
-96.70330811,-2.29689E-05,,,,,,,,
-146.129425,-0.00066891,,,,,,,,
-96.16607666,-2.67189E-05,,,,,,,,
-145.0549622,-0.000671723,,,,,,,,
-95.09158325,-2.48439E-05,,,,,,,,
-143.9804688,-0.000667504,,,,,,,,
-94.01708984,-2.67189E-05,,,,,,,,
-142.9060059,-0.000668442,,,,,,,,
-92.94262695,-2.85939E-05,,,,,,,,
-141.8315125,-0.000667973,,,,,,,,
-91.86813354,-3.32815E-05,,,,,,,,
-140.757019,-0.00066891,,,,,,,,
-90.79367065,-3.56252E-05,,,,,,,,
-139.6825562,-0.000669379,,,,,,,,
-89.71917725,-3.70315E-05,,,,,,,,
-139.1452942,-0.000669379,,,,,,,,
-89.1819458,-3.9844E-05,,,,,,,,
-138.0708313,-0.000670317,,,,,,,,
-88.10745239,-3.7969E-05,,,,,,,,
-136.9963379,-0.000665629,,,,,,,,
-87.03295898,-4.12503E-05,,,,,,,,
-135.921875,-0.000666567,,,,,,,,
-85.95849609,-4.40628E-05,,,,,,,,
-134.8473816,-0.000665629,,,,,,,,
-84.88400269,-4.64065E-05,,,,,,,,
-133.7728882,-0.000664692,,,,,,,,
-83.80953979,-4.87503E-05,,,,,,,,
-132.6984253,-0.000665629,,,,,,,,
-82.73504639,-5.10941E-05,,,,,,,,
-132.1611938,-0.000663754,,,,,,,,
-82.19781494,-5.39066E-05,,,,,,,,
-131.0867004,-0.000664223,,,,,,,,
-81.12332153,-5.01566E-05,,,,,,,,
-130.012207,-0.000662348,,,,,,,,
-80.04885864,-5.48441E-05,,,,,,,,
-128.9377441,-0.000657192,,,,,,,,
-78.97436523,-5.67191E-05,,,,,,,,
-127.8632507,-0.000656723,,,,,,,,
-77.89987183,-5.95316E-05,,,,,,,,
-126.7887878,-0.000655785,,,,,,,,
-76.82540894,-6.09379E-05,,,,,,,,
-125.7142944,-0.000652973,,,,,,,,
-75.75091553,-6.60942E-05,,,,,,,,
-124.639801,-0.000652973,,,,,,,,
-74.67645264,-6.75004E-05,,,,,,,,
-124.1025696,-0.000652035,,,,,,,,
-74.13919067,-6.46879E-05,,,,,,,,
-123.0281067,-0.000649691,,,,,,,,
-73.06472778,-6.79692E-05,,,,,,,,
-121.9536133,-0.000644535,,,,,,,,
-71.99023438,-7.21879E-05,,,,,,,,
-120.8791199,-0.000642191,,,,,,,,
-70.91577148,-7.50005E-05,,,,,,,,
-119.804657,-0.000640785,,,,,,,,
-69.84127808,-7.73442E-05,,,,,,,,
-118.7301636,-0.000637973,,,,,,,,
-68.76678467,-8.06255E-05,,,,,,,,
-117.6557007,-0.000637504,,,,,,,,
-67.69232178,-8.25005E-05,,,,,,,,
-117.1184387,-0.000632348,,,,,,,,
-67.15505981,-8.67193E-05,,,,,,,,
-116.0439758,-0.000633285,,,,,,,,
-66.08059692,-8.39068E-05,,,,,,,,
-114.9694824,-0.000626723,,,,,,,,
-65.00610352,-8.76568E-05,,,,,,,,
-113.894989,-0.000624379,,,,,,,,
-63.93164063,-9.18756E-05,,,,,,,,
-112.8205261,-0.000621566,,,,,,,,
-62.85714722,-9.42193E-05,,,,,,,,
-111.7460327,-0.000618285,,,,,,,,
-61.78265381,-9.70318E-05,,,,,,,,
-110.6715698,-0.000613598,,,,,,,,
-60.70819092,-9.89069E-05,,,,,,,,
-110.1343079,-0.00061266,,,,,,,,
-60.17095947,-0.000103126,,,,,,,,
-109.059845,-0.00060891,,,,,,,,
-59.09646606,-0.000103594,,,,,,,,
-107.9853516,-0.000603285,,,,,,,,
-58.02197266,-0.000105469,,,,,,,,
-106.9108887,-0.000600472,,,,,,,,
-56.94750977,-0.000108751,,,,,,,,
-105.8363953,-0.000595785,,,,,,,,
-55.87301636,-0.000111094,,,,,,,,
-104.7619019,-0.000592035,,,,,,,,
-54.79855347,-0.000115782,,,,,,,,
-103.687439,-0.000588754,,,,,,,,
-53.72406006,-0.000119063,,,,,,,,
-103.150177,-0.000583597,,,,,,,,
-53.18682861,-0.000121876,,,,,,,,
-102.0757141,-0.00058266,,,,,,,,
-52.11233521,-0.000120938,,,,,,,,
-101.0012207,-0.000577972,,,,,,,,
-51.0378418,-0.000124219,,,,,,,,
-99.92675781,-0.000571878,,,,,,,,
-49.96337891,-0.000127501,,,,,,,,
-98.8522644,-0.00056766,,,,,,,,
-48.8888855,-0.00013172,,,,,,,,
-97.777771,-0.000564378,,,,,,,,
-47.81442261,-0.000134532,,,,,,,,
-96.70330811,-0.000558753,,,,,,,,
-46.7399292,-0.000136876,,,,,,,,
-96.16607666,-0.000553597,,,,,,,,
-46.20269775,-0.000141095,,,,,,,,
-95.09158325,-0.000550785,,,,,,,,
-45.12820435,-0.000139688,,,,,,,,
-94.01708984,-0.000547503,,,,,,,,
-44.05374146,-0.000144845,,,,,,,,
-92.94262695,-0.000540472,,,,,,,,
-42.97924805,-0.000147657,,,,,,,,
-91.86813354,-0.000536722,,,,,,,,
-41.90475464,-0.000151407,,,,,,,,
-90.79367065,-0.000531566,,,,,,,,
-40.83029175,-0.00015422,,,,,,,,
-89.71917725,-0.000526878,,,,,,,,
-39.75579834,-0.000157501,,,,,,,,
-88.64468384,-0.000523597,,,,,,,,
-38.68133545,-0.000160313,,,,,,,,
-88.10745239,-0.000518909,,,,,,,,
-38.14407349,-0.00016172,,,,,,,,
-87.03295898,-0.000515628,,,,,,,,
-37.0696106,-0.000164063,,,,,,,,
-85.95849609,-0.000509534,,,,,,,,
-35.99511719,-0.000168751,,,,,,,,
-84.88400269,-0.000506253,,,,,,,,
-34.9206543,-0.000171564,,,,,,,,
-83.80953979,-0.000500159,,,,,,,,
-33.84616089,-0.000174376,,,,,,,,
-82.73504639,-0.000496409,,,,,,,,
-32.77166748,-0.000177657,,,,,,,,
-81.6605835,-0.000492659,,,,,,,,
-31.69720459,-0.000180939,,,,,,,,
-81.12332153,-0.000489378,,,,,,,,
-31.15994263,-0.00018422,,,,,,,,
-80.04885864,-0.000483753,,,,,,,,
-30.08547974,-0.000185157,,,,,,,,
-78.97436523,-0.000479065,,,,,,,,
-29.01098633,-0.00018797,,,,,,,,
-77.89987183,-0.000476253,,,,,,,,
-27.93652344,-0.000192657,,,,,,,,
-76.82540894,-0.000471097,,,,,,,,
-26.86203003,-0.00019547,,,,,,,,
-75.75091553,-0.000467347,,,,,,,,
-25.78753662,-0.000199689,,,,,,,,
-74.67645264,-0.00046219,,,,,,,,
-24.71307373,-0.000201564,,,,,,,,
-74.13919067,-0.000458909,,,,,,,,
-24.17584229,-0.00020672,,,,,,,,
-73.06472778,-0.000455628,,,,,,,,
-23.10134888,-0.000205314,,,,,,,,
-71.99023438,-0.000450472,,,,,,,,
-22.02685547,-0.000208595,,,,,,,,
-70.91577148,-0.000444846,,,,,,,,
-20.95239258,-0.000213751,,,,,,,,
-69.84127808,-0.000442971,,,,,,,,
-19.87789917,-0.000216095,,,,,,,,
-68.76678467,-0.000438284,,,,,,,,
-18.80343628,-0.000218908,,,,,,,,
-67.69232178,-0.000435003,,,,,,,,
-17.72894287,-0.000222658,,,,,,,,
-67.15505981,-0.000429846,,,,,,,,
-17.19171143,-0.000224533,,,,,,,,
-66.08059692,-0.000426096,,,,,,,,
-16.11721802,-0.000224533,,,,,,,,
-65.00610352,-0.000424221,,,,,,,,
-15.04272461,-0.000227814,,,,,,,,
-63.93164063,-0.000420003,,,,,,,,
-13.96826172,-0.000231095,,,,,,,,
-62.85714722,-0.000415784,,,,,,,,
-12.89376831,-0.000231095,,,,,,,,
-61.78265381,-0.000412503,,,,,,,,
-11.81930542,-0.000235783,,,,,,,,
-60.70819092,-0.000409221,,,,,,,,
-10.74481201,-0.000239064,,,,,,,,
-60.17095947,-0.000404534,,,,,,,,
-10.20758057,-0.000241876,,,,,,,,
-59.09646606,-0.000402659,,,,,,,,
-9.133087158,-0.000240939,,,,,,,,
-58.02197266,-0.000399846,,,,,,,,
-8.058624268,-0.000243283,,,,,,,,
-56.94750977,-0.000395627,,,,,,,,
-6.984130859,-0.000246564,,,,,,,,
-55.87301636,-0.000392815,,,,,,,,
-5.909637451,-0.000248439,,,,,,,,
-54.79855347,-0.000390471,,,,,,,,
-4.835174561,-0.000252189,,,,,,,,
-53.72406006,-0.000385315,,,,,,,,
-3.760681152,-0.000254533,,,,,,,,
-52.64956665,-0.00038344,,,,,,,,
-2.686218262,-0.000256877,,,,,,,,
-52.11233521,-0.000380627,,,,,,,,
-2.148956299,-0.000258283,,,,,,,,
-51.0378418,-0.000378284,,,,,,,,
-1.074493408,-0.000258283,,,,,,,,
-49.96337891,-0.00037594,,,,,,,,
0,-0.000260627,,,,,,,,
-48.8888855,-0.000373596,,,,,,,,
1.074493408,-0.000262502,,,,,,,,
-47.81442261,-0.000369846,,,,,,,,
2.148956299,-0.000264845,,,,,,,,
-46.7399292,-0.000367033,,,,,,,,
3.223449707,-0.000266252,,,,,,,,
-45.66543579,-0.000364221,,,,,,,,
4.297912598,-0.000268595,,,,,,,,
-45.12820435,-0.000362815,,,,,,,,
4.835174561,-0.000270939,,,,,,,,
-44.05374146,-0.000359533,,,,,,,,
5.909637451,-0.000270002,,,,,,,,
-42.97924805,-0.000358596,,,,,,,,
6.984130859,-0.000272345,,,,,,,,
-41.90475464,-0.000356721,,,,,,,,
8.05859375,-0.000275158,,,,,,,,
-40.83029175,-0.000352971,,,,,,,,
9.133087158,-0.000276564,,,,,,,,
-39.75579834,-0.000350627,,,,,,,,
10.20758057,-0.000277502,,,,,,,,
-38.68133545,-0.00034594,,,,,,,,
11.28204346,-0.000279845,,,,,,,,
-38.14407349,-0.000344533,,,,,,,,
11.8192749,-0.00028172,,,,,,,,
-37.0696106,-0.000342658,,,,,,,,
12.89379883,-0.000279377,,,,,,,,
-35.99511719,-0.000339377,,,,,,,,
13.96826172,-0.000283127,,,,,,,,
-34.9206543,-0.000337971,,,,,,,,
15.04272461,-0.000285002,,,,,,,,
-33.84616089,-0.00033469,,,,,,,,
16.1171875,-0.000286408,,,,,,,,
-32.77166748,-0.000331877,,,,,,,,
17.19171143,-0.000286408,,,,,,,,
-31.69720459,-0.000329065,,,,,,,,
18.26617432,-0.000287345,,,,,,,,
-31.15994263,-0.000326252,,,,,,,,
18.80340576,-0.000288283,,,,,,,,
-30.08547974,-0.000326252,,,,,,,,
19.87786865,-0.000289221,,,,,,,,
-29.01098633,-0.000324377,,,,,,,,
20.95239258,-0.000289221,,,,,,,,
-27.93652344,-0.000322033,,,,,,,,
22.02685547,-0.000291096,,,,,,,,
-26.86203003,-0.000320627,,,,,,,,
23.10131836,-0.000292971,,,,,,,,
-25.78753662,-0.000318283,,,,,,,,
24.17584229,-0.000292971,,,,,,,,
-24.71307373,-0.000316408,,,,,,,,
25.25030518,-0.000294377,,,,,,,,
-23.63858032,-0.000314533,,,,,,,,
26.32476807,-0.000294377,,,,,,,,
-23.10134888,-0.000313127,,,,,,,,
26.86199951,-0.000294846,,,,,,,,
-22.02685547,-0.000311721,,,,,,,,
27.93652344,-0.000295783,,,,,,,,
-20.95239258,-0.000310783,,,,,,,,
29.01098633,-0.000295783,,,,,,,,
-19.87789917,-0.000308908,,,,,,,,
30.08544922,-0.000298596,,,,,,,,
-18.80343628,-0.000307971,,,,,,,,
31.15997314,-0.000298127,,,,,,,,
-17.72894287,-0.000306564,,,,,,,,
32.23443604,-0.000299533,,,,,,,,
-16.65444946,-0.000304689,,,,,,,,
33.30889893,-0.000300002,,,,,,,,
-16.11721802,-0.000303752,,,,,,,,
33.84613037,-0.000300471,,,,,,,,
-15.04272461,-0.000303283,,,,,,,,
34.9206543,-0.000299533,,,,,,,,
-13.96826172,-0.000300471,,,,,,,,
35.99511719,-0.000300002,,,,,,,,
-12.89376831,-0.000300471,,,,,,,,
37.06958008,-0.000300471,,,,,,,,
-11.81930542,-0.000299533,,,,,,,,
38.144104,-0.000301408,,,,,,,,
-10.74481201,-0.000298596,,,,,,,,
39.21856689,-0.000301877,,,,,,,,
-9.670318604,-0.000297658,,,,,,,,
40.29302979,-0.000303752,,,,,,,,
-9.133087158,-0.000295783,,,,,,,,
40.83026123,-0.000304221,,,,,,,,
-8.058624268,-0.000294846,,,,,,,,
41.90478516,-0.000303283,,,,,,,,
-6.984130859,-0.000293908,,,,,,,,
42.97924805,-0.000302814,,,,,,,,
-5.909637451,-0.000293439,,,,,,,,
44.05371094,-0.000304221,,,,,,,,
-4.835174561,-0.000292971,,,,,,,,
45.12823486,-0.000305158,,,,,,,,
-3.760681152,-0.000291096,,,,,,,,
46.20269775,-0.000305158,,,,,,,,
-2.686218262,-0.000290627,,,,,,,,
47.27716064,-0.000304689,,,,,,,,
-2.148956299,-0.000290627,,,,,,,,
47.81439209,-0.000304221,,,,,,,,
-1.074493408,-0.000288283,,,,,,,,
48.88891602,-0.000308439,,,,,,,,
0,-0.000284064,,,,,,,,
49.96337891,-0.000308439,,,,,,,,
1.074493408,-0.000283127,,,,,,,,
51.0378418,-0.000308908,,,,,,,,
2.148956299,-0.000282658,,,,,,,,
52.11230469,-0.000309846,,,,,,,,
3.223449707,-0.00028172,,,,,,,,
53.18682861,-0.000308908,,,,,,,,
4.297912598,-0.000281252,,,,,,,,
54.2612915,-0.000309377,,,,,,,,
4.835174561,-0.000280314,,,,,,,,
54.79852295,-0.000308908,,,,,,,,
5.909637451,-0.000280314,,,,,,,,
55.87298584,-0.000309377,,,,,,,,
6.984130859,-0.000278908,,,,,,,,
56.94750977,-0.000309846,,,,,,,,
8.05859375,-0.000278439,,,,,,,,
58.02197266,-0.000310314,,,,,,,,
9.133087158,-0.000277502,,,,,,,,
59.09643555,-0.000310314,,,,,,,,
10.20758057,-0.000277502,,,,,,,,
60.17095947,-0.000310314,,,,,,,,
11.28204346,-0.000276564,,,,,,,,
61.24542236,-0.000310314,,,,,,,,
12.35653687,-0.000275627,,,,,,,,
62.31988525,-0.000310314,,,,,,,,
12.89379883,-0.000274689,,,,,,,,
62.8571167,-0.000310314,,,,,,,,
13.96826172,-0.000274689,,,,,,,,
63.93164063,-0.000310783,,,,,,,,
15.04272461,-0.000274689,,,,,,,,
65.00610352,-0.000309846,,,,,,,,
16.1171875,-0.000272814,,,,,,,,
66.08056641,-0.000309377,,,,,,,,
17.19171143,-0.000273283,,,,,,,,
67.15509033,-0.000309846,,,,,,,,
18.26617432,-0.000271877,,,,,,,,
68.22955322,-0.000310314,,,,,,,,
19.34063721,-0.000271877,,,,,,,,
69.30401611,-0.000309846,,,,,,,,
19.87786865,-0.000270939,,,,,,,,
69.84124756,-0.000310783,,,,,,,,
20.95239258,-0.00027047,,,,,,,,
70.91577148,-0.000309846,,,,,,,,
22.02685547,-0.000269533,,,,,,,,
71.99023438,-0.000310783,,,,,,,,
23.10131836,-0.000269064,,,,,,,,
73.06469727,-0.000309846,,,,,,,,
24.17584229,-0.000269533,,,,,,,,
74.13922119,-0.000311252,,,,,,,,
25.25030518,-0.000270002,,,,,,,,
75.21368408,-0.000310783,,,,,,,,
26.32476807,-0.000269064,,,,,,,,
76.28814697,-0.000310314,,,,,,,,
26.86199951,-0.000267189,,,,,,,,
76.82537842,-0.000310783,,,,,,,,
27.93652344,-0.000267189,,,,,,,,
77.89990234,-0.000308908,,,,,,,,
29.01098633,-0.000266252,,,,,,,,
78.97436523,-0.000309846,,,,,,,,
30.08544922,-0.000267189,,,,,,,,
80.04882813,-0.000309846,,,,,,,,
31.15997314,-0.000265783,,,,,,,,
81.12335205,-0.000310314,,,,,,,,
32.23443604,-0.000265314,,,,,,,,
82.19781494,-0.000310783,,,,,,,,
33.30889893,-0.000263908,,,,,,,,
83.27227783,-0.000309846,,,,,,,,
33.84613037,-0.000265314,,,,,,,,
83.80950928,-0.000309846,,,,,,,,
34.9206543,-0.000263439,,,,,,,,
84.8840332,-0.000310783,,,,,,,,
35.99511719,-0.000262033,,,,,,,,
85.95849609,-0.000309846,,,,,,,,
37.06958008,-0.000262502,,,,,,,,
87.03295898,-0.000309377,,,,,,,,
38.144104,-0.000262502,,,,,,,,
88.10742188,-0.000310783,,,,,,,,
39.21856689,-0.000262033,,,,,,,,
89.1819458,-0.000310314,,,,,,,,
40.29302979,-0.000261564,,,,,,,,
90.25640869,-0.000310314,,,,,,,,
40.83026123,-0.000262033,,,,,,,,
90.79364014,-0.000308908,,,,,,,,
41.90478516,-0.000260627,,,,,,,,
91.86816406,-0.000309377,,,,,,,,
42.97924805,-0.000260158,,,,,,,,
92.94262695,-0.000309377,,,,,,,,
44.05371094,-0.000260158,,,,,,,,
94.01708984,-0.000309846,,,,,,,,
45.12823486,-0.00025922,,,,,,,,
95.09155273,-0.000308439,,,,,,,,
46.20269775,-0.000259689,,,,,,,,
96.16607666,-0.000309377,,,,,,,,
47.27716064,-0.000258752,,,,,,,,
97.24053955,-0.000309846,,,,,,,,
48.35162354,-0.00025922,,,,,,,,
98.31500244,-0.000307033,,,,,,,,
48.88891602,-0.000262033,,,,,,,,
98.85223389,-0.000305627,,,,,,,,
49.96337891,-0.000260627,,,,,,,,
99.92675781,-0.000306096,,,,,,,,
51.0378418,-0.000262033,,,,,,,,
101.0012207,-0.000305627,,,,,,,,
52.11230469,-0.000260627,,,,,,,,
102.0756836,-0.000305627,,,,,,,,
53.18682861,-0.000259689,,,,,,,,
103.1502075,-0.000305158,,,,,,,,
54.2612915,-0.00025922,,,,,,,,
104.2246704,-0.000305627,,,,,,,,
55.33575439,-0.000260627,,,,,,,,
105.2991333,-0.000305627,,,,,,,,
55.87298584,-0.000260627,,,,,,,,
105.8363647,-0.000304689,,,,,,,,
56.94750977,-0.000260627,,,,,,,,
106.9108887,-0.000305158,,,,,,,,
58.02197266,-0.000260158,,,,,,,,
107.9853516,-0.000304689,,,,,,,,
59.09643555,-0.000258283,,,,,,,,
109.0598145,-0.000304221,,,,,,,,
60.17095947,-0.000258283,,,,,,,,
110.1343384,-0.000304221,,,,,,,,
61.24542236,-0.000258283,,,,,,,,
111.2088013,-0.000304221,,,,,,,,
62.31988525,-0.000258752,,,,,,,,
112.2832642,-0.000303283,,,,,,,,
62.8571167,-0.000257814,,,,,,,,
112.8204956,-0.000304221,,,,,,,,
63.93164063,-0.000257814,,,,,,,,
113.8950195,-0.000303752,,,,,,,,
65.00610352,-0.000257814,,,,,,,,
114.9694824,-0.000303283,,,,,,,,
66.08056641,-0.000256877,,,,,,,,
116.0439453,-0.000304221,,,,,,,,
67.15509033,-0.000256408,,,,,,,,
117.1184692,-0.000304221,,,,,,,,
68.22955322,-0.000256408,,,,,,,,
118.1929321,-0.000304221,,,,,,,,
69.30401611,-0.000256877,,,,,,,,
119.267395,-0.000303752,,,,,,,,
69.84124756,-0.00025547,,,,,,,,
119.8046265,-0.000302814,,,,,,,,
70.91577148,-0.000255002,,,,,,,,
120.8791504,-0.000303283,,,,,,,,
71.99023438,-0.00025547,,,,,,,,
121.9536133,-0.000303752,,,,,,,,
73.06469727,-0.000255002,,,,,,,,
123.0280762,-0.000302814,,,,,,,,
74.13922119,-0.00025547,,,,,,,,
124.1025391,-0.000302814,,,,,,,,
75.21368408,-0.000255002,,,,,,,,
125.177063,-0.000302346,,,,,,,,
76.28814697,-0.000254064,,,,,,,,
126.2515259,-0.000302814,,,,,,,,
77.36260986,-0.000255002,,,,,,,,
127.3259888,-0.000302346,,,,,,,,
77.89990234,-0.000253595,,,,,,,,
127.8632813,-0.000302346,,,,,,,,
78.97436523,-0.000253595,,,,,,,,
128.9377441,-0.000302346,,,,,,,,
80.04882813,-0.000254064,,,,,,,,
130.012207,-0.000302346,,,,,,,,
81.12335205,-0.000253595,,,,,,,,
131.0866699,-0.000302814,,,,,,,,
82.19781494,-0.000253127,,,,,,,,
132.1611938,-0.000301877,,,,,,,,
83.27227783,-0.000254064,,,,,,,,
133.2356567,-0.000301408,,,,,,,,
84.34674072,-0.000253595,,,,,,,,
134.3101196,-0.000301408,,,,,,,,
84.8840332,-0.000253595,,,,,,,,
134.8473511,-0.000301408,,,,,,,,
85.95849609,-0.00025172,,,,,,,,
135.921875,-0.000301877,,,,,,,,
87.03295898,-0.000253127,,,,,,,,
136.9963379,-0.000301877,,,,,,,,
88.10742188,-0.000252658,,,,,,,,
138.0708008,-0.000300471,,,,,,,,
89.1819458,-0.000252658,,,,,,,,
139.1453247,-0.000301408,,,,,,,,
90.25640869,-0.00025172,,,,,,,,
140.2197876,-0.000300939,,,,,,,,
91.33087158,-0.00025172,,,,,,,,
141.2942505,-0.000300939,,,,,,,,
91.86816406,-0.000250314,,,,,,,,
141.8314819,-0.000300471,,,,,,,,
92.94262695,-0.00025172,,,,,,,,
142.9060059,-0.000300471,,,,,,,,
94.01708984,-0.000252189,,,,,,,,
143.9804688,-0.000300939,,,,,,,,
95.09155273,-0.000250783,,,,,,,,
145.0549316,-0.000300002,,,,,,,,
96.16607666,-0.000250783,,,,,,,,
146.1294556,-0.000300002,,,,,,,,
97.24053955,-0.000250314,,,,,,,,
147.2039185,-0.000300471,,,,,,,,
98.31500244,-0.000250783,,,,,,,,
148.2783813,-0.000299064,,,,,,,,
98.85223389,-0.000250314,,,,,,,,
148.8156128,-0.000299533,,,,,,,,
99.92675781,-0.000249377,,,,,,,,
149.8901367,-0.000299533,,,,,,,,
101.0012207,-0.000248908,,,,,,,,
150.9645996,-0.000300002,,,,,,,,
102.0756836,-0.000250783,,,,,,,,
152.0390625,-0.000300002,,,,,,,,
103.1502075,-0.000248439,,,,,,,,
153.1135864,-0.000300002,,,,,,,,
104.2246704,-0.000248908,,,,,,,,
154.1880493,-0.000299533,,,,,,,,
105.2991333,-0.000248908,,,,,,,,
155.2625122,-0.000299533,,,,,,,,
105.8363647,-0.000248908,,,,,,,,
155.7997437,-0.000299064,,,,,,,,
106.9108887,-0.00024797,,,,,,,,
156.8742676,-0.000299533,,,,,,,,
107.9853516,-0.00024797,,,,,,,,
157.9487305,-0.000299064,,,,,,,,
109.0598145,-0.00024797,,,,,,,,
159.0231934,-0.000299064,,,,,,,,
110.1343384,-0.00024797,,,,,,,,
160.0976563,-0.000299533,,,,,,,,
111.2088013,-0.000248439,,,,,,,,
161.1721802,-0.000298127,,,,,,,,
112.2832642,-0.00024797,,,,,,,,
162.2466431,-0.000299533,,,,,,,,
113.3577271,-0.000247502,,,,,,,,
163.321106,-0.000298127,,,,,,,,
113.8950195,-0.000246564,,,,,,,,
163.8583984,-0.000299064,,,,,,,,
114.9694824,-0.000247502,,,,,,,,
164.9328613,-0.000297658,,,,,,,,
116.0439453,-0.000247033,,,,,,,,
166.0073242,-0.000298596,,,,,,,,
117.1184692,-0.000247502,,,,,,,,
167.0817871,-0.000297658,,,,,,,,
118.1929321,-0.000246095,,,,,,,,
168.156311,-0.000298127,,,,,,,,
119.267395,-0.000247033,,,,,,,,
169.2307739,-0.000298127,,,,,,,,
120.3418579,-0.000246095,,,,,,,,
170.3052368,-0.000298596,,,,,,,,
120.8791504,-0.000246095,,,,,,,,
170.8424683,-0.000298127,,,,,,,,
121.9536133,-0.000245158,,,,,,,,
171.9169922,-0.000296721,,,,,,,,
123.0280762,-0.000246095,,,,,,,,
172.9914551,-0.000296721,,,,,,,,
124.1025391,-0.000245158,,,,,,,,
174.065918,-0.000297189,,,,,,,,
125.177063,-0.000245626,,,,,,,,
175.1404419,-0.000297189,,,,,,,,
126.2515259,-0.000246564,,,,,,,,
176.2149048,-0.000297658,,,,,,,,
127.3259888,-0.000243751,,,,,,,,
177.2893677,-0.000296721,,,,,,,,
127.8632813,-0.000244689,,,,,,,,
177.8265991,-0.000297189,,,,,,,,
128.9377441,-0.00024422,,,,,,,,
178.901123,-0.000297658,,,,,,,,
130.012207,-0.000245626,,,,,,,,
179.9755859,-0.000296721,,,,,,,,
131.0866699,-0.000245158,,,,,,,,
181.0500488,-0.000296252,,,,,,,,
132.1611938,-0.00024422,,,,,,,,
182.1245728,-0.000296721,,,,,,,,
133.2356567,-0.000244689,,,,,,,,
183.1990356,-0.000296721,,,,,,,,
134.3101196,-0.000243751,,,,,,,,
184.2734985,-0.000296252,,,,,,,,
134.8473511,-0.00024422,,,,,,,,
184.81073,-0.000296252,,,,,,,,
135.921875,-0.000243751,,,,,,,,
185.8852539,-0.000295783,,,,,,,,
136.9963379,-0.00024422,,,,,,,,
186.9597168,-0.000295783,,,,,,,,
138.0708008,-0.000243751,,,,,,,,
188.0341797,-0.000297189,,,,,,,,
139.1453247,-0.000243751,,,,,,,,
189.1087036,-0.000296252,,,,,,,,
140.2197876,-0.000243283,,,,,,,,
190.1831665,-0.000296252,,,,,,,,
141.2942505,-0.000243751,,,,,,,,
191.2576294,-0.000295783,,,,,,,,
141.8314819,-0.000243283,,,,,,,,
191.7948608,-0.000295314,,,,,,,,
142.9060059,-0.000243283,,,,,,,,
192.8693848,-0.000294846,,,,,,,,
143.9804688,-0.000242814,,,,,,,,
193.9438477,-0.000295314,,,,,,,,
145.0549316,-0.000243751,,,,,,,,
195.0183105,-0.000296252,,,,,,,,
146.1294556,-0.000243751,,,,,,,,
196.0927734,-0.000295783,,,,,,,,
147.2039185,-0.000242814,,,,,,,,
197.1672974,-0.000295314,,,,,,,,
148.2783813,-0.000243751,,,,,,,,
198.2417603,-0.000295314,,,,,,,,
149.3528442,-0.000242814,,,,,,,,
199.3162231,-0.000294846,,,,,,,,
149.8901367,-0.000242814,,,,,,,,
199.8535156,-0.000295314,,,,,,,,
150.9645996,-0.000242345,,,,,,,,
200.9279785,-0.000295314,,,,,,,,
152.0390625,-0.000241876,,,,,,,,
202.0024414,-0.000294377,,,,,,,,
153.1135864,-0.000242345,,,,,,,,
203.0769043,-0.000294846,,,,,,,,
154.1880493,-0.000241408,,,,,,,,
204.1514282,-0.000294377,,,,,,,,
155.2625122,-0.000240939,,,,,,,,
205.2258911,-0.000293908,,,,,,,,
156.3369751,-0.000242345,,,,,,,,
206.300354,-0.000293908,,,,,,,,
156.8742676,-0.000241876,,,,,,,,
206.8375854,-0.000293908,,,,,,,,
157.9487305,-0.000241408,,,,,,,,
207.9121094,-0.000293908,,,,,,,,
159.0231934,-0.000242345,,,,,,,,
208.9865723,-0.000294846,,,,,,,,
160.0976563,-0.000241408,,,,,,,,
210.0610352,-0.000293439,,,,,,,,
161.1721802,-0.000240939,,,,,,,,
211.1355591,-0.000293439,,,,,,,,
162.2466431,-0.000241408,,,,,,,,
212.210022,-0.000293908,,,,,,,,
163.321106,-0.000240939,,,,,,,,
213.2844849,-0.000293439,,,,,,,,
163.8583984,-0.000240939,,,,,,,,
213.8217163,-0.000292502,,,,,,,,
164.9328613,-0.000241408,,,,,,,,
214.8962402,-0.000293908,,,,,,,,
166.0073242,-0.000241408,,,,,,,,
215.9707031,-0.000293439,,,,,,,,
167.0817871,-0.000241408,,,,,,,,
217.045166,-0.000292502,,,,,,,,
168.156311,-0.000241408,,,,,,,,
218.1196899,-0.000292971,,,,,,,,
169.2307739,-0.000240939,,,,,,,,
219.1941528,-0.000292971,,,,,,,,
170.3052368,-0.00024047,,,,,,,,
220.2686157,-0.000292971,,,,,,,,
170.8424683,-0.000241408,,,,,,,,
220.8058472,-0.000292971,,,,,,,,
171.9169922,-0.000241876,,,,,,,,
221.8803711,-0.000292502,,,,,,,,
172.9914551,-0.00024047,,,,,,,,
222.954834,-0.000292033,,,,,,,,
174.065918,-0.000241408,,,,,,,,
224.0292969,-0.000292502,,,,,,,,
175.1404419,-0.00024047,,,,,,,,
225.1038208,-0.000293439,,,,,,,,
176.2149048,-0.000240939,,,,,,,,
226.1782837,-0.000292502,,,,,,,,
177.2893677,-0.000242345,,,,,,,,
227.2527466,-0.000292033,,,,,,,,
178.3638916,-0.00024047,,,,,,,,
228.3272095,-0.000292033,,,,,,,,
178.901123,-0.00024047,,,,,,,,
228.864502,-0.000292033,,,,,,,,
179.9755859,-0.000241408,,,,,,,,
229.9389648,-0.000292033,,,,,,,,
181.0500488,-0.00024047,,,,,,,,
231.0134277,-0.000292502,,,,,,,,
182.1245728,-0.00024047,,,,,,,,
232.0879517,-0.000291564,,,,,,,,
183.1990356,-0.00024047,,,,,,,,
233.1624146,-0.000292033,,,,,,,,
184.2734985,-0.000241408,,,,,,,,
234.2368774,-0.000292033,,,,,,,,
185.3480225,-0.000240939,,,,,,,,
235.3113403,-0.000291096,,,,,,,,
185.8852539,-0.00024047,,,,,,,,
235.8486328,-0.000292971,,,,,,,,
186.9597168,-0.00024047,,,,,,,,
236.9230957,-0.000292033,,,,,,,,
188.0341797,-0.000241408,,,,,,,,
237.9975586,-0.000292502,,,,,,,,
189.1087036,-0.000241408,,,,,,,,
239.0720215,-0.000291564,,,,,,,,
190.1831665,-0.000240939,,,,,,,,
240.1465454,-0.000291564,,,,,,,,
191.2576294,-0.000240939,,,,,,,,
241.2210083,-0.000290627,,,,,,,,
192.3320923,-0.000240939,,,,,,,,
242.2954712,-0.000292033,,,,,,,,
192.8693848,-0.000241408,,,,,,,,
242.8327026,-0.000291096,,,,,,,,
193.9438477,-0.000241408,,,,,,,,
243.9072266,-0.000291564,,,,,,,,
195.0183105,-0.000240939,,,,,,,,
244.9816895,-0.000291564,,,,,,,,
196.0927734,-0.00024047,,,,,,,,
246.0561523,-0.000291096,,,,,,,,
197.1672974,-0.000240939,,,,,,,,
247.1306763,-0.000292033,,,,,,,,
198.2417603,-0.000240939,,,,,,,,
248.2051392,-0.000292033,,,,,,,,
199.3162231,-0.000240939,,,,,,,,
249.2796021,-0.000290627,,,,,,,,
199.8535156,-0.000241408,,,,,,,,
249.8168335,-0.000290627,,,,,,,,
200.9279785,-0.00024047,,,,,,,,
250.8913574,-0.000290627,,,,,,,,
202.0024414,-0.000241408,,,,,,,,
251.9658203,-0.000291096,,,,,,,,
203.0769043,-0.00024047,,,,,,,,
253.0402832,-0.000290158,,,,,,,,
204.1514282,-0.000241408,,,,,,,,
254.1148071,-0.000289689,,,,,,,,
205.2258911,-0.000240939,,,,,,,,
255.18927,-0.000290158,,,,,,,,
206.300354,-0.000242345,,,,,,,,
256.2637329,-0.000289689,,,,,,,,
206.8375854,-0.000240939,,,,,,,,
256.8009644,-0.000290627,,,,,,,,
207.9121094,-0.000241876,,,,,,,,
257.8754883,-0.000290158,,,,,,,,
208.9865723,-0.000241876,,,,,,,,
258.9499512,-0.000290627,,,,,,,,
210.0610352,-0.000241876,,,,,,,,
260.0244141,-0.000290158,,,,,,,,
211.1355591,-0.000240939,,,,,,,,
261.098938,-0.000290158,,,,,,,,
212.210022,-0.000240939,,,,,,,,
262.1734009,-0.000289689,,,,,,,,
213.2844849,-0.000241408,,,,,,,,
263.2478638,-0.000290627,,,,,,,,
214.3590088,-0.000241876,,,,,,,,
264.3223267,-0.000288752,,,,,,,,
214.8962402,-0.000241876,,,,,,,,
264.8596191,-0.000289221,,,,,,,,
215.9707031,-0.000241876,,,,,,,,
265.934082,-0.000289689,,,,,,,,
217.045166,-0.000241408,,,,,,,,
267.0085449,-0.000289221,,,,,,,,
218.1196899,-0.000241876,,,,,,,,
268.0830688,-0.000290158,,,,,,,,
219.1941528,-0.000242814,,,,,,,,
269.1575317,-0.000290158,,,,,,,,
220.2686157,-0.000241408,,,,,,,,
270.2319946,-0.000288752,,,,,,,,
221.3431396,-0.000240939,,,,,,,,
271.3064575,-0.000288752,,,,,,,,
221.8803711,-0.00024047,,,,,,,,
271.84375,-0.000289689,,,,,,,,
222.954834,-0.00024047,,,,,,,,
272.9182129,-0.000288752,,,,,,,,
224.0292969,-0.000240939,,,,,,,,
273.9926758,-0.000289221,,,,,,,,
225.1038208,-0.000241408,,,,,,,,
275.0671387,-0.000288283,,,,,,,,
226.1782837,-0.000241408,,,,,,,,
276.1416626,-0.000289221,,,,,,,,
227.2527466,-0.000241408,,,,,,,,
277.2161255,-0.000288283,,,,,,,,
228.3272095,-0.000242814,,,,,,,,
278.2905884,-0.000288752,,,,,,,,
228.864502,-0.000240939,,,,,,,,
278.8278809,-0.000288752,,,,,,,,
229.9389648,-0.000243283,,,,,,,,
279.9023438,-0.000288283,,,,,,,,
231.0134277,-0.000241408,,,,,,,,
280.9768066,-0.000288283,,,,,,,,
232.0879517,-0.00024047,,,,,,,,
282.0512695,-0.000288283,,,,,,,,
233.1624146,-0.000243751,,,,,,,,
283.1257935,-0.000288283,,,,,,,,
234.2368774,-0.000242345,,,,,,,,
284.2002563,-0.000287345,,,,,,,,
235.3113403,-0.000241408,,,,,,,,
285.2747192,-0.000287345,,,,,,,,
235.8486328,-0.000242814,,,,,,,,
285.8119507,-0.000288283,,,,,,,,
236.9230957,-0.000241408,,,,,,,,
286.8864746,-0.000288283,,,,,,,,
237.9975586,-0.000241408,,,,,,,,
287.9609375,-0.000288752,,,,,,,,
239.0720215,-0.000241408,,,,,,,,
289.0354004,-0.000288283,,,,,,,,
240.1465454,-0.000242814,,,,,,,,
290.1099243,-0.000287814,,,,,,,,
241.2210083,-0.000241876,,,,,,,,
291.1843872,-0.000286877,,,,,,,,
242.2954712,-0.000241876,,,,,,,,
292.2588501,-0.000287814,,,,,,,,
242.8327026,-0.000240939,,,,,,,,
292.7960815,-0.000287814,,,,,,,,
243.9072266,-0.000241408,,,,,,,,
293.8706055,-0.000288283,,,,,,,,
244.9816895,-0.000241408,,,,,,,,
294.9450684,-0.000287345,,,,,,,,
246.0561523,-0.000240939,,,,,,,,
296.0195313,-0.000287345,,,,,,,,
247.1306763,-0.000241408,,,,,,,,
297.0940552,-0.000287814,,,,,,,,
248.2051392,-0.000242345,,,,,,,,
298.1685181,-0.000286877,,,,,,,,
249.2796021,-0.000241876,,,,,,,,
299.242981,-0.000288283,,,,,,,,
250.354126,-0.000241408,,,,,,,,
300.3174438,-0.000287814,,,,,,,,
250.8913574,-0.000241876,,,,,,,,
300.8547363,-0.000286877,,,,,,,,
251.9658203,-0.000241408,,,,,,,,
301.9291992,-0.000287345,,,,,,,,
253.0402832,-0.000241408,,,,,,,,
303.0036621,-0.000287345,,,,,,,,
254.1148071,-0.000240939,,,,,,,,
304.078186,-0.000286877,,,,,,,,
255.18927,-0.000241408,,,,,,,,
305.1526489,-0.000286877,,,,,,,,
256.2637329,-0.000240939,,,,,,,,
306.2271118,-0.000287345,,,,,,,,
257.3382568,-0.000241408,,,,,,,,
307.3015747,-0.000286408,,,,,,,,
257.8754883,-0.000240939,,,,,,,,
307.8388672,-0.000286877,,,,,,,,
258.9499512,-0.000240939,,,,,,,,
308.9133301,-0.000286877,,,,,,,,
260.0244141,-0.000240939,,,,,,,,
309.987793,-0.000286408,,,,,,,,
261.098938,-0.000239533,,,,,,,,
311.0622559,-0.000285939,,,,,,,,
262.1734009,-0.000241408,,,,,,,,
312.1367798,-0.000287345,,,,,,,,
263.2478638,-0.000240939,,,,,,,,
313.2112427,-0.000286408,,,,,,,,
264.3223267,-0.000240939,,,,,,,,
314.2857056,-0.000286408,,,,,,,,
264.8596191,-0.000240939,,,,,,,,
314.822998,-0.000286877,,,,,,,,
265.934082,-0.00024047,,,,,,,,
315.8974609,-0.000286408,,,,,,,,
267.0085449,-0.000240939,,,,,,,,
316.9719238,-0.000287345,,,,,,,,
268.0830688,-0.00024047,,,,,,,,
318.0463867,-0.000285939,,,,,,,,
269.1575317,-0.000241408,,,,,,,,
319.1209106,-0.000285939,,,,,,,,
270.2319946,-0.000240001,,,,,,,,
320.1953735,-0.000286408,,,,,,,,
271.3064575,-0.000239533,,,,,,,,
321.2698364,-0.000287345,,,,,,,,
271.84375,-0.000240001,,,,,,,,
321.8070679,-0.000286408,,,,,,,,
272.9182129,-0.00024047,,,,,,,,
322.8815918,-0.000287345,,,,,,,,
273.9926758,-0.00024047,,,,,,,,
323.9560547,-0.000286877,,,,,,,,
275.0671387,-0.000239533,,,,,,,,
325.0305176,-0.000286877,,,,,,,,
276.1416626,-0.000240001,,,,,,,,
326.1050415,-0.000286408,,,,,,,,
277.2161255,-0.00024047,,,,,,,,
327.1795044,-0.000286877,,,,,,,,
278.2905884,-0.000240001,,,,,,,,
328.2539673,-0.000286408,,,,,,,,
279.3651123,-0.00024047,,,,,,,,
329.3284912,-0.00028547,,,,,,,,
279.9023438,-0.000239533,,,,,,,,
329.8657227,-0.000286408,,,,,,,,
280.9768066,-0.000239533,,,,,,,,
330.9401855,-0.00028547,,,,,,,,
282.0512695,-0.000239533,,,,,,,,
332.0146484,-0.000285939,,,,,,,,
283.1257935,-0.000240001,,,,,,,,
333.0891724,-0.00028547,,,,,,,,
284.2002563,-0.000239533,,,,,,,,
334.1636353,-0.00028547,,,,,,,,
285.2747192,-0.000239533,,,,,,,,
335.2380981,-0.000286408,,,,,,,,
286.3492432,-0.000238595,,,,,,,,
336.312561,-0.000285939,,,,,,,,
286.8864746,-0.000239064,,,,,,,,
336.8498535,-0.000285939,,,,,,,,
287.9609375,-0.000240001,,,,,,,,
337.9243164,-0.000285939,,,,,,,,
289.0354004,-0.000239064,,,,,,,,
338.9987793,-0.000286408,,,,,,,,
290.1099243,-0.000239533,,,,,,,,
340.0733032,-0.000285939,,,,,,,,
291.1843872,-0.000239064,,,,,,,,
341.1477661,-0.000285939,,,,,,,,
292.2588501,-0.000238595,,,,,,,,
342.222229,-0.000285002,,,,,,,,
293.333374,-0.000239064,,,,,,,,
343.2966919,-0.000285939,,,,,,,,
293.8706055,-0.000238126,,,,,,,,
343.8339844,-0.00028547,,,,,,,,
294.9450684,-0.000239533,,,,,,,,
344.9084473,-0.000285002,,,,,,,,
296.0195313,-0.000239064,,,,,,,,
345.9829102,-0.000284533,,,,,,,,
297.0940552,-0.000238595,,,,,,,,
347.057373,-0.000285002,,,,,,,,
298.1685181,-0.000237658,,,,,,,,
348.131897,-0.00028547,,,,,,,,
299.242981,-0.000239064,,,,,,,,
349.2063599,-0.000285002,,,,,,,,
300.3174438,-0.000238595,,,,,,,,
350.2808228,-0.000286877,,,,,,,,
300.8547363,-0.000239533,,,,,,,,
350.8181152,-0.000284533,,,,,,,,
301.9291992,-0.000239064,,,,,,,,
351.8925781,-0.000284064,,,,,,,,
303.0036621,-0.000238595,,,,,,,,
352.967041,-0.000285002,,,,,,,,
304.078186,-0.000238595,,,,,,,,
354.0415039,-0.000284533,,,,,,,,
305.1526489,-0.000238126,,,,,,,,
355.1160278,-0.000284533,,,,,,,,
306.2271118,-0.000239064,,,,,,,,
356.1904907,-0.000284533,,,,,,,,
307.3015747,-0.000238126,,,,,,,,
357.2649536,-0.000285002,,,,,,,,
307.8388672,-0.000237658,,,,,,,,
357.8021851,-0.00028547,,,,,,,,
308.9133301,-0.00023672,,,,,,,,
358.876709,-0.000285002,,,,,,,,
309.987793,-0.000237658,,,,,,,,
359.9511719,-0.00028547,,,,,,,,
311.0622559,-0.000238126,,,,,,,,
361.0256348,-0.000285002,,,,,,,,
312.1367798,-0.000237189,,,,,,,,
362.1001587,-0.000284533,,,,,,,,
313.2112427,-0.000237658,,,,,,,,
363.1746216,-0.000284064,,,,,,,,
314.2857056,-0.000237658,,,,,,,,
364.2490845,-0.00028547,,,,,,,,
315.3602295,-0.000238126,,,,,,,,
365.3236084,-0.000284064,,,,,,,,
315.8974609,-0.00023672,,,,,,,,
365.8608398,-0.000285939,,,,,,,,
316.9719238,-0.000237189,,,,,,,,
366.9353027,-0.000284533,,,,,,,,
318.0463867,-0.000237658,,,,,,,,
368.0097656,-0.000285002,,,,,,,,
319.1209106,-0.000237658,,,,,,,,
369.0842896,-0.000284533,,,,,,,,
320.1953735,-0.000237189,,,,,,,,
370.1587524,-0.000285002,,,,,,,,
321.2698364,-0.00023672,,,,,,,,
371.2332153,-0.000284533,,,,,,,,
322.3443604,-0.00023672,,,,,,,,
372.3076782,-0.00028547,,,,,,,,
322.8815918,-0.00023672,,,,,,,,
372.8449707,-0.00028547,,,,,,,,
323.9560547,-0.00023672,,,,,,,,
373.9194336,-0.000284064,,,,,,,,
325.0305176,-0.000237189,,,,,,,,
374.9938965,-0.000283595,,,,,,,,
326.1050415,-0.000235314,,,,,,,,
376.0684204,-0.00028547,,,,,,,,
327.1795044,-0.00023672,,,,,,,,
377.1428833,-0.000285002,,,,,,,,
328.2539673,-0.000236251,,,,,,,,
378.2173462,-0.000284533,,,,,,,,
329.3284912,-0.000237189,,,,,,,,
379.2918091,-0.000285002,,,,,,,,
329.8657227,-0.000236251,,,,,,,,
379.8291016,-0.00028547,,,,,,,,
330.9401855,-0.000234845,,,,,,,,
380.9035645,-0.000284533,,,,,,,,
332.0146484,-0.00023672,,,,,,,,
381.9780273,-0.000284533,,,,,,,,
333.0891724,-0.000237189,,,,,,,,
383.0524902,-0.000285002,,,,,,,,
334.1636353,-0.000236251,,,,,,,,
384.1270142,-0.000284064,,,,,,,,
335.2380981,-0.00023672,,,,,,,,
385.2014771,-0.000284533,,,,,,,,
336.312561,-0.000236251,,,,,,,,
386.2759399,-0.000284533,,,,,,,,
336.8498535,-0.000236251,,,,,,,,
386.8132324,-0.000284533,,,,,,,,
337.9243164,-0.000235783,,,,,,,,
387.8876953,-0.000285939,,,,,,,,
338.9987793,-0.00023672,,,,,,,,
388.9621582,-0.000284064,,,,,,,,
340.0733032,-0.000235783,,,,,,,,
390.0366211,-0.000284064,,,,,,,,
341.1477661,-0.000236251,,,,,,,,
391.111145,-0.000284533,,,,,,,,
342.222229,-0.000236251,,,,,,,,
392.1856079,-0.000284533,,,,,,,,
343.2966919,-0.00023672,,,,,,,,
393.2600708,-0.000284533,,,,,,,,
343.8339844,-0.000236251,,,,,,,,
393.7973022,-0.000283595,,,,,,,,
344.9084473,-0.000235783,,,,,,,,
394.8718262,-0.00028547,,,,,,,,
345.9829102,-0.000235314,,,,,,,,
395.9462891,-0.000285002,,,,,,,,
347.057373,-0.000235783,,,,,,,,
397.020752,-0.000284533,,,,,,,,
348.131897,-0.00023672,,,,,,,,
398.0952759,-0.00028547,,,,,,,,
349.2063599,-0.000235314,,,,,,,,
399.1697388,-0.000285002,,,,,,,,
350.2808228,-0.000235314,,,,,,,,
400.2442017,-0.000285002,,,,,,,,
351.3553467,-0.000236251,,,,,,,,
401.3187256,-0.000283595,,,,,,,,
351.8925781,-0.000235783,,,,,,,,
401.855957,-0.000285002,,,,,,,,
352.967041,-0.000235314,,,,,,,,
402.9304199,-0.000283595,,,,,,,,
354.0415039,-0.000235783,,,,,,,,
