N,X,Y,Z,Time,Jitter,Time Calculated,Sender
0,-1.026,0.007,0.007,1654115159.122357,0.0,1654115159.122357,20.0
1,-1.025,0.007,0.007,1654115159.324627,0.0022700309753417858,1654115159.322357,20.0
2,-1.025,0.007,0.007,1654115159.498377,-0.023979806900024436,1654115159.522357,20.0
3,-1.025,0.007,0.007,1654115159.707556,-0.014800882339477628,1654115159.7223568,20.0
4,-1.025,0.007,0.007,1654115159.910123,-0.01223378181457524,1654115159.9223568,20.0
5,-1.026,0.007,0.007,1654115160.198363,0.07600617408752441,1654115160.122357,20.0
6,-1.025,0.007,0.007,1654115160.316448,-0.005908918380737482,1654115160.322357,20.0
7,-1.025,0.007,0.007,1654115160.517798,-0.004558944702148571,1654115160.522357,20.0
8,-1.025,0.007,0.007,1654115160.777563,0.05520620346069327,1654115160.7223568,20.0
9,-1.025,0.007,0.007,1654115160.957154,0.03479714393615718,1654115160.9223568,20.0
10,-1.025,0.007,0.007,1654115161.125459,0.0031020641326904297,1654115161.122357,20.0
11,-1.025,0.007,0.007,1654115161.30469,-0.01766700744628924,1654115161.322357,20.0
12,-1.025,0.007,0.007,1654115161.507879,-0.014477872848511097,1654115161.522357,20.0
13,-1.025,0.007,0.007,1654115161.733146,0.010789060592651278,1654115161.7223568,20.0
14,-1.025,0.007,0.007,1654115161.950301,0.027944040298461648,1654115161.9223568,20.0
15,-1.025,0.007,0.007,1654115162.115943,-0.006413936614990234,1654115162.122357,20.0
16,-1.025,0.007,0.007,1654115162.31737,-0.00498695373535174,1654115162.322357,20.0
17,-1.025,0.007,0.007,1654115162.519817,-0.00253977775573766,1654115162.522357,20.0
18,-1.025,0.007,0.007,1654115162.722701,0.0003441810607909268,1654115162.7223568,20.0
19,-1.025,0.007,0.007,1654115162.973094,0.050737094879150124,1654115162.9223568,20.0
20,-1.025,0.007,0.007,1654115163.105095,-0.017261981964111328,1654115163.122357,20.0
21,-1.025,0.007,0.007,1654115163.310454,-0.011902999877929865,1654115163.322357,20.0
22,-1.025,0.007,0.007,1654115163.509301,-0.013055944442749379,1654115163.522357,20.0
23,-1.025,0.007,0.007,1654115163.712495,-0.009861803054810103,1654115163.7223568,20.0
24,-1.025,0.007,0.007,1654115163.912701,-0.009656000137329812,1654115163.9223568,20.0
25,-1.025,0.007,0.007,1654115164.11733,-0.005026817321777344,1654115164.122357,20.0
26,-1.025,0.007,0.007,1654115164.319497,-0.0028597831726075995,1654115164.322357,20.0
27,-1.025,0.007,0.008,1654115165.133764,0.6114071369171139,1654115164.522357,20.0
28,-1.025,0.007,0.007,1654115165.136765,0.4144081115722651,1654115164.7223568,20.0
29,-1.025,0.007,0.007,1654115165.137761,0.21540422439575124,1654115164.9223568,20.0
30,-1.025,0.007,0.007,1654115165.138759,0.016402006149291992,1654115165.122357,20.0
31,-1.025,0.007,0.007,1654115165.309892,-0.012464952468872248,1654115165.322357,20.0
32,-1.025,0.007,0.007,1654115165.512472,-0.009884977340698597,1654115165.522357,20.0
33,-1.025,0.007,0.007,1654115165.715461,-0.006895875930786666,1654115165.7223568,20.0
34,-1.025,0.007,0.007,1654115165.939779,0.017422151565551047,1654115165.9223568,20.0
35,-1.025,0.007,0.007,1654115166.135246,0.01288914680480957,1654115166.122357,20.0
36,-1.025,0.007,0.007,1654115166.309455,-0.012901973724365412,1654115166.322357,20.0
37,-1.025,0.007,0.007,1654115166.514832,-0.00752487182617223,1654115166.522357,20.0
38,-1.025,0.007,0.007,1654115166.704925,-0.017431831359863814,1654115166.7223568,20.0
39,-1.025,0.007,0.007,1654115166.895325,-0.027031946182251687,1654115166.9223568,20.0
40,-1.025,0.007,0.007,1654115167.100721,-0.021636009216308594,1654115167.122357,20.0
41,-1.025,0.007,0.007,1654115167.297773,-0.02458400726318466,1654115167.322357,20.0
42,-1.025,0.007,0.007,1654115167.578181,0.055824136734008434,1654115167.522357,20.0
43,-1.025,0.007,0.007,1654115167.826529,0.10417213439941442,1654115167.7223568,20.0
44,-1.025,0.007,0.007,1654115167.906634,-0.01572279930114817,1654115167.9223568,20.0
45,-1.025,0.007,0.007,1654115169.118719,0.9963622093200684,1654115168.122357,20.0
46,-1.025,0.007,0.007,1654115169.120719,0.7983620643615712,1654115168.322357,20.0
47,-1.026,0.006,0.007,1654115169.121686,0.5993290901184078,1654115168.522357,20.0
48,-1.025,0.007,0.007,1654115169.122723,0.4003662109374986,1654115168.7223568,20.0
49,-1.025,0.007,0.007,1654115169.12372,0.20136303901672292,1654115168.9223568,20.0
50,-1.025,0.007,0.007,1654115169.124718,0.0023610591888427734,1654115169.122357,20.0
51,-1.025,0.007,0.007,1654115169.315166,-0.007190895080567472,1654115169.322357,20.0
52,-1.026,0.006,0.007,1654115169.512042,-0.010314846038818715,1654115169.522357,20.0
53,-1.025,0.007,0.007,1654115169.707439,-0.014917945861817827,1654115169.7223568,20.0
54,-1.025,0.007,0.008,1654115169.910904,-0.011452960968018289,1654115169.9223568,20.0
55,-1.025,0.007,0.007,1654115170.117262,-0.005095005035400391,1654115170.122357,20.0
56,-1.025,0.007,0.008,1654115170.332514,0.01015715599059952,1654115170.322357,20.0
57,-1.025,0.007,0.007,1654115170.507151,-0.01520600318908727,1654115170.522357,20.0
58,-1.025,0.006,0.007,1654115170.745078,0.022721195220945845,1654115170.7223568,20.0
59,-1.025,0.007,0.007,1654115170.903029,-0.019327926635742898,1654115170.9223568,20.0
60,-1.025,0.007,0.007,1654115171.108426,-0.013930797576904297,1654115171.122357,20.0
61,-1.025,0.007,0.007,1654115171.303394,-0.01896281242370712,1654115171.322357,20.0
62,-1.025,0.007,0.007,1654115171.509148,-0.013209009170532582,1654115171.522357,20.0
63,-1.025,0.007,0.007,1654115171.72922,0.006863021850584516,1654115171.7223568,20.0
64,-1.025,0.007,0.007,1654115171.919589,-0.00276784896850657,1654115171.9223568,20.0
65,-1.025,0.007,0.007,1654115172.124308,0.0019512176513671875,1654115172.122357,20.0
66,-1.025,0.007,0.007,1654115172.375138,0.05278115272521866,1654115172.322357,20.0
67,-1.025,0.007,0.007,1654115172.502593,-0.01976385116577184,1654115172.522357,20.0
68,-1.025,0.007,0.007,1654115172.707234,-0.015122985839845171,1654115172.7223568,20.0
69,-1.025,0.007,0.007,1654115172.921632,-0.0007248401641852809,1654115172.9223568,20.0
70,-1.025,0.007,0.007,1654115173.117377,-0.004979848861694336,1654115173.122357,20.0
71,-1.025,0.007,0.007,1654115173.388578,0.06622104644775284,1654115173.322357,20.0
72,-1.025,0.007,0.007,1654115173.514289,-0.00806798934936559,1654115173.522357,20.0
73,-1.025,0.007,0.007,1654115173.725234,0.0028771400451645945,1654115173.7223568,20.0
74,-1.025,0.007,0.007,1654115173.926291,0.003934097290038352,1654115173.9223568,20.0
75,-1.025,0.007,0.007,1654115174.106077,-0.016279935836791992,1654115174.122357,20.0
76,-1.025,0.007,0.007,1654115174.305911,-0.016445827484131925,1654115174.322357,20.0
77,-1.025,0.007,0.007,1654115174.509811,-0.012545967102051137,1654115174.522357,20.0
78,-1.025,0.007,0.007,1654115174.714341,-0.008015966415406695,1654115174.7223568,20.0
79,-1.025,0.007,0.007,1654115174.903622,-0.018734979629517312,1654115174.9223568,20.0
80,-1.025,0.007,0.007,1654115175.107777,-0.01457977294921875,1654115175.122357,20.0
81,-1.025,0.007,0.007,1654115175.312267,-0.010089826583861594,1654115175.322357,20.0
82,-1.025,0.007,0.008,1654115175.520029,-0.0023278236389181473,1654115175.522357,20.0
83,-1.025,0.007,0.007,1654115175.726524,0.004167222976683149,1654115175.7223568,20.0
84,-1.025,0.007,0.007,1654115175.907129,-0.015227842330933328,1654115175.9223568,20.0
85,-1.025,0.007,0.008,1654115176.107532,-0.014824867248535156,1654115176.122357,20.0
86,-1.025,0.007,0.007,1654115176.36542,0.04306321144104075,1654115176.322357,20.0
87,-1.025,0.007,0.007,1654115176.51509,-0.007266902923586116,1654115176.522357,20.0
88,-1.025,0.007,0.007,1654115176.758613,0.03625621795654155,1654115176.7223568,20.0
89,-1.025,0.007,0.007,1654115176.916991,-0.0053658962249762965,1654115176.9223568,20.0
90,-1.025,0.007,0.007,1654115177.122353,-3.814697265625e-06,1654115177.122357,20.0
91,-1.025,0.007,0.007,1654115177.343714,0.021357107162476296,1654115177.322357,20.0
92,-1.025,0.007,0.007,1654115177.562612,0.040255165100095525,1654115177.522357,20.0
93,-1.025,0.007,0.007,1654115177.701332,-0.02102479934692525,1654115177.7223568,20.0
94,-1.025,0.007,0.007,1654115177.910722,-0.01163487434387278,1654115177.9223568,20.0
95,-1.025,0.007,0.007,1654115178.111395,-0.01096200942993164,1654115178.122357,20.0
96,-1.025,0.007,0.007,1654115178.311929,-0.010427904129031162,1654115178.322357,20.0
97,-1.025,0.007,0.007,1654115178.555656,0.03329906463622834,1654115178.522357,20.0
98,-1.025,0.007,0.007,1654115179.938899,1.2165421485900865,1654115178.7223568,20.0
99,-1.025,0.007,0.007,1654115179.938899,1.0165421485900872,1654115178.9223568,20.0
100,-1.025,0.007,0.007,1654115179.938899,0.8165421485900879,1654115179.122357,20.0
101,-1.025,0.007,0.007,1654115179.938899,0.616542148590085,1654115179.322357,20.0
102,-1.025,0.007,0.007,1654115179.938899,0.41654214859008576,1654115179.522357,20.0
103,-1.025,0.007,0.007,1654115179.938899,0.21654214859008647,1654115179.7223568,20.0
104,-1.025,0.007,0.007,1654115179.938899,0.01654214859008718,1654115179.9223568,20.0
105,-1.025,0.007,0.007,1654115180.194098,0.07174110412597656,1654115180.122357,20.0
106,-1.025,0.007,0.007,1654115180.315362,-0.006994915008547764,1654115180.322357,20.0
107,-1.025,0.007,0.007,1654115180.516798,-0.005558872222902522,1654115180.522357,20.0
108,-1.025,0.007,0.007,1654115180.841584,0.1192270755767808,1654115180.7223568,20.0
109,-1.025,0.007,0.007,1654115180.921027,-0.0013299465179450465,1654115180.9223568,20.0
110,-1.025,0.007,0.007,1654115182.202194,1.0798370838165283,1654115181.122357,20.0
111,-1.025,0.007,0.007,1654115182.202194,0.8798370838165255,1654115181.322357,20.0
112,-1.025,0.007,0.007,1654115182.202194,0.6798370838165262,1654115181.522357,20.0
113,-1.026,0.007,0.007,1654115182.202194,0.4798370838165269,1654115181.7223568,20.0
114,-1.025,0.007,0.007,1654115182.202194,0.2798370838165276,1654115181.9223568,20.0
115,-1.026,0.006,0.007,1654115182.202194,0.07983708381652832,1654115182.122357,20.0
116,-1.025,0.007,0.007,1654115182.317205,-0.005151939392092686,1654115182.322357,20.0
117,-1.025,0.006,0.007,1654115182.646139,0.12378201484679963,1654115182.522357,20.0
118,-1.025,0.006,0.007,1654115182.722551,0.00019421577453471173,1654115182.7223568,20.0
119,-1.025,0.007,0.007,1654115182.922475,0.00011820793151784414,1654115182.9223568,20.0
120,-1.025,0.007,0.007,1654115183.093422,-0.028934955596923828,1654115183.122357,20.0
121,-1.025,0.007,0.007,1654115183.297293,-0.02506394386291788,1654115183.322357,20.0
122,-1.025,0.007,0.008,1654115183.50264,-0.019716882705690608,1654115183.522357,20.0
123,-1.025,0.007,0.008,1654115183.706713,-0.015643930435182085,1654115183.7223568,20.0
124,-1.025,0.007,0.007,1654115183.910709,-0.011647987365723367,1654115183.9223568,20.0
125,-1.025,0.007,0.007,1654115184.116459,-0.005897998809814453,1654115184.122357,20.0
126,-1.025,0.007,0.008,1654115184.322039,-0.00031800270080850623,1654115184.322357,20.0
127,-1.025,0.007,0.007,1654115184.512419,-0.00993790626526092,1654115184.522357,20.0
128,-1.025,0.007,0.007,1654115184.717805,-0.004551982879640093,1654115184.7223568,20.0
129,-1.025,0.007,0.008,1654115184.907094,-0.015262889862061257,1654115184.9223568,20.0
130,-1.025,0.007,0.007,1654115185.097598,-0.02475881576538086,1654115185.122357,20.0
131,-1.025,0.007,0.007,1654115185.303759,-0.018597793579104405,1654115185.322357,20.0
132,-1.025,0.007,0.007,1654115185.509581,-0.012775802612306819,1654115185.522357,20.0
133,-1.025,0.007,0.007,1654115185.715254,-0.00710282325744771,1654115185.7223568,20.0
134,-1.026,0.007,0.007,1654115185.920717,-0.0016398906707770777,1654115185.9223568,20.0
135,-1.025,0.007,0.007,1654115186.120472,-0.0018849372863769531,1654115186.122357,20.0
136,-1.025,0.007,0.007,1654115186.3259,0.0035431861877412985,1654115186.322357,20.0
137,-1.025,0.007,0.007,1654115186.516345,-0.006011867523195491,1654115186.522357,20.0
138,-1.025,0.006,0.007,1654115186.769422,0.047065162658689985,1654115186.7223568,20.0
139,-1.025,0.006,0.008,1654115186.91117,-0.011186885833740945,1654115186.9223568,20.0
140,-1.025,0.006,0.007,1654115187.10258,-0.01977682113647461,1654115187.122357,20.0
141,-1.025,0.007,0.007,1654115187.308381,-0.013975811004641514,1654115187.322357,20.0
142,-1.025,0.006,0.007,1654115187.514272,-0.008084917068483577,1654115187.522357,20.0
143,-1.025,0.007,0.007,1654115187.782856,0.060499095916746626,1654115187.7223568,20.0
144,-1.025,0.007,0.007,1654115187.90829,-0.01406698226928782,1654115187.9223568,20.0
145,-1.025,0.007,0.008,1654115188.113337,-0.009019851684570312,1654115188.122357,20.0
146,-1.025,0.007,0.007,1654115188.318807,-0.0035500049591092875,1654115188.322357,20.0
147,-1.025,0.007,0.008,1654115188.508504,-0.013852977752687679,1654115188.522357,20.0
148,-1.025,0.007,0.007,1654115188.699439,-0.022917842864991655,1654115188.7223568,20.0
149,-1.025,0.007,0.007,1654115188.904247,-0.018109846115113015,1654115188.9223568,20.0
150,-1.025,0.007,0.007,1654115189.110331,-0.012025833129882812,1654115189.122357,20.0
151,-1.025,0.007,0.007,1654115189.315709,-0.006647777557375889,1654115189.322357,20.0
152,-1.025,0.006,0.008,1654115189.506151,-0.016205930709841,1654115189.522357,20.0
153,-1.025,0.007,0.007,1654115189.711065,-0.011291837692262163,1654115189.7223568,20.0
154,-1.025,0.007,0.007,1654115189.916816,-0.005540895462036843,1654115189.9223568,20.0
155,-1.025,0.006,0.007,1654115190.122325,-3.1948089599609375e-05,1654115190.122357,20.0
156,-1.025,0.007,0.007,1654115190.296878,-0.0254787921905546,1654115190.322357,20.0
157,-1.025,0.007,0.007,1654115190.502031,-0.020325803756716,1654115190.522357,20.0
158,-1.025,0.007,0.007,1654115190.706214,-0.016142940521241655,1654115190.7223568,20.0
159,-1.025,0.007,0.007,1654115190.910632,-0.011724996566773171,1654115190.9223568,20.0
160,-1.025,0.007,0.007,1654115191.116437,-0.005919933319091797,1654115191.122357,20.0
161,-1.025,0.007,0.007,1654115191.306216,-0.016140890121462803,1654115191.322357,20.0
162,-1.025,0.007,0.008,1654115191.53507,0.012713050842286577,1654115191.522357,20.0
163,-1.026,0.007,0.007,1654115191.801579,0.07922210693359233,1654115191.7223568,20.0
164,-1.026,0.007,0.007,1654115191.923462,0.0011050224304156586,1654115191.9223568,20.0
165,-1.025,0.007,0.007,1654115192.096744,-0.025612831115722656,1654115192.122357,20.0
166,-1.025,0.007,0.007,1654115193.085017,0.762660074234006,1654115192.322357,20.0
167,-1.025,0.007,0.007,1654115193.085017,0.5626600742340102,1654115192.522357,20.0
168,-1.025,0.007,0.007,1654115193.085017,0.36266007423400737,1654115192.7223568,20.0
169,-1.025,0.007,0.007,1654115193.085017,0.16266007423400453,1654115192.9223568,20.0
170,-1.025,0.007,0.007,1654115193.116638,-0.00571894645690918,1654115193.122357,20.0
171,-1.025,0.007,0.007,1654115194.090095,0.7677381515502901,1654115193.322357,20.0
172,-1.025,0.007,0.007,1654115194.090095,0.5677381515502944,1654115193.522357,20.0
173,-1.025,0.007,0.008,1654115194.090095,0.36773815155029155,1654115193.7223568,20.0
174,-1.025,0.007,0.007,1654115194.090095,0.1677381515502887,1654115193.9223568,20.0
175,-1.025,0.007,0.007,1654115194.10568,-0.016676902770996094,1654115194.122357,20.0
176,-1.025,0.007,0.008,1654115194.607549,0.2851920604705782,1654115194.322357,20.0
177,-1.025,0.007,0.008,1654115194.607549,0.08519206047058248,1654115194.522357,20.0
178,-1.025,0.007,0.008,1654115195.627911,0.9055541992187486,1654115194.7223568,20.0
179,-1.025,0.007,0.007,1654115195.627911,0.7055541992187457,1654115194.9223568,20.0
180,-1.025,0.007,0.007,1654115195.627911,0.50555419921875,1654115195.122357,20.0
181,-1.025,0.007,0.008,1654115195.627911,0.30555419921874716,1654115195.322357,20.0
182,-1.025,0.007,0.007,1654115195.627911,0.10555419921875142,1654115195.522357,20.0
183,-1.025,0.007,0.007,1654115195.768441,0.046084070205687055,1654115195.7223568,20.0
184,-1.025,0.007,0.007,1654115196.022471,0.10011405944823792,1654115195.9223568,20.0
185,-1.025,0.007,0.007,1654115196.101486,-0.02087092399597168,1654115196.122357,20.0
186,-1.025,0.007,0.007,1654115196.305499,-0.0168578147888212,1654115196.322357,20.0
187,-1.025,0.006,0.007,1654115196.510051,-0.012305879592894087,1654115196.522357,20.0
188,-1.025,0.007,0.008,1654115196.714834,-0.007522916793824663,1654115196.7223568,20.0
189,-1.025,0.007,0.008,1654115196.919999,-0.0023580074310345367,1654115196.9223568,20.0
190,-1.025,0.007,0.007,1654115197.125281,0.002924203872680664,1654115197.122357,20.0
191,-1.025,0.007,0.008,1654115197.31335,-0.00900692939758585,1654115197.322357,20.0
192,-1.025,0.007,0.007,1654115197.502523,-0.019833946228033028,1654115197.522357,20.0
193,-1.025,0.006,0.008,1654115197.706362,-0.015994882583619585,1654115197.7223568,20.0
194,-1.025,0.007,0.007,1654115197.912407,-0.009949970245365591,1654115197.9223568,20.0
195,-1.025,0.007,0.008,1654115198.101264,-0.021092891693115234,1654115198.122357,20.0
196,-1.025,0.006,0.007,1654115198.317129,-0.005227994918826084,1654115198.322357,20.0
197,-1.025,0.007,0.007,1654115198.507494,-0.01486291885376545,1654115198.522357,20.0
198,-1.025,0.007,0.008,1654115198.712027,-0.010329818725587359,1654115198.7223568,20.0
199,-1.025,0.007,0.007,1654115198.926058,0.0037011623382525727,1654115198.9223568,20.0
200,-1.025,0.007,0.008,1654115199.184792,0.062435150146484375,1654115199.122357,20.0
201,-1.025,0.007,0.007,1654115199.326293,0.0039361000061006735,1654115199.322357,20.0
202,-1.025,0.007,0.007,1654115199.50072,-0.021636867523199044,1654115199.522357,20.0
203,-1.025,0.007,0.007,1654115199.704739,-0.01761779785156392,1654115199.7223568,20.0
204,-1.025,0.006,0.007,1654115199.910187,-0.01216988563538024,1654115199.9223568,20.0
205,-1.025,0.007,0.007,1654115200.147519,0.025162220001220703,1654115200.122357,20.0
206,-1.025,0.007,0.007,1654115200.306564,-0.015792798995974522,1654115200.322357,20.0
207,-1.025,0.007,0.007,1654115200.512564,-0.009792947769170723,1654115200.522357,20.0
208,-1.025,0.007,0.007,1654115200.717563,-0.004793977737428179,1654115200.7223568,20.0
209,-1.025,0.007,0.008,1654115200.921974,-0.00038294792175719294,1654115200.9223568,20.0
210,-1.025,0.007,0.007,1654115201.128545,0.006188154220581055,1654115201.122357,20.0
211,-1.025,0.007,0.007,1654115201.301936,-0.020420980453494053,1654115201.322357,20.0
212,-1.025,0.007,0.007,1654115201.50781,-0.014546775817876778,1654115201.522357,20.0
213,-1.025,0.007,0.008,1654115201.893402,0.1710452079772935,1654115201.7223568,20.0
214,-1.025,0.007,0.007,1654115201.909041,-0.01331596374512145,1654115201.9223568,20.0
215,-1.025,0.006,0.007,1654115202.111408,-0.010948896408081055,1654115202.122357,20.0
216,-1.025,0.007,0.007,1654115202.315486,-0.0068709373474149515,1654115202.322357,20.0
217,-1.025,0.006,0.007,1654115202.520641,-0.001715803146367989,1654115202.522357,20.0
218,-1.025,0.007,0.007,1654115202.720609,-0.0017479419708266164,1654115202.7223568,20.0
219,-1.025,0.007,0.007,1654115202.925837,0.0034801483154254242,1654115202.9223568,20.0
220,-1.025,0.006,0.007,1654115203.759027,0.6366701126098633,1654115203.122357,20.0
221,-1.025,0.007,0.007,1654115203.759027,0.43667011260986044,1654115203.322357,20.0
222,-1.025,0.007,0.007,1654115203.759027,0.2366701126098576,1654115203.522357,20.0
223,-1.025,0.007,0.007,1654115203.759027,0.03667011260986186,1654115203.7223568,20.0
224,-1.025,0.007,0.007,1654115203.931894,0.00953717231750062,1654115203.9223568,20.0
225,-1.025,0.007,0.007,1654115204.121425,-0.0009319782257080078,1654115204.122357,20.0
226,-1.025,0.007,0.007,1654115204.325628,0.0032711505889864156,1654115204.322357,20.0
227,-1.025,0.007,0.007,1654115204.514703,-0.007653856277471505,1654115204.522357,20.0
228,-1.025,0.007,0.007,1654115204.719576,-0.0027810096740736867,1654115204.7223568,20.0
229,-1.025,0.007,0.007,1654115204.907146,-0.01521091461182067,1654115204.9223568,20.0
230,-1.025,0.007,0.007,1654115205.11274,-0.009616851806640625,1654115205.122357,20.0
231,-1.025,0.007,0.007,1654115205.381401,0.05904417037963583,1654115205.322357,20.0
232,-1.025,0.007,0.007,1654115205.516682,-0.005674982070928536,1654115205.522357,20.0
233,-1.025,0.007,0.008,1654115205.718138,-0.00421891212463521,1654115205.7223568,20.0
234,-1.025,0.007,0.007,1654115205.918588,-0.0037689685821575836,1654115205.9223568,20.0
235,-1.025,0.007,0.007,1654115206.119526,-0.002830982208251953,1654115206.122357,20.0
236,-1.025,0.007,0.007,1654115206.340541,0.01818399429321005,1654115206.322357,20.0
237,-1.025,0.007,0.008,1654115206.529371,0.0070141315460148235,1654115206.522357,20.0
238,-1.026,0.007,0.007,1654115206.702542,-0.01981482505798482,1654115206.7223568,20.0
239,-1.025,0.007,0.007,1654115206.956195,0.03383822441100648,1654115206.9223568,20.0
240,-1.025,0.007,0.007,1654115207.112911,-0.009445905685424805,1654115207.122357,20.0
241,-1.026,0.007,0.007,1654115207.31785,-0.004506778717043858,1654115207.322357,20.0
242,-1.025,0.007,0.007,1654115207.507239,-0.01511778831482502,1654115207.522357,20.0
243,-1.026,0.007,0.007,1654115207.714237,-0.008119916915894976,1654115207.7223568,20.0
244,-1.025,0.007,0.007,1654115207.919993,-0.0023639678955120758,1654115207.9223568,20.0
245,-1.025,0.007,0.007,1654115208.126442,0.004085063934326172,1654115208.122357,20.0
246,-1.025,0.007,0.007,1654115208.327623,0.005265998840329189,1654115208.322357,20.0
247,-1.025,0.007,0.008,1654115208.504467,-0.017889881134038887,1654115208.522357,20.0
248,-1.025,0.007,0.007,1654115208.710043,-0.012313938140870562,1654115208.7223568,20.0
249,-1.016,-0.14100000000000001,-0.027,1654115208.915144,-0.007212924957279654,1654115208.9223568,20.0
250,-1.124,0.065,0.043000000000000003,1654115209.104027,-0.018329858779907227,1654115209.122357,20.0
251,-1.034,0.129,-0.009000000000000001,1654115209.309465,-0.012891960144045811,1654115209.322357,20.0
252,-1.034,0.088,0.033,1654115209.514663,-0.007693910598760567,1654115209.522357,20.0
253,-1.027,0.025,0.004,1654115209.720567,-0.0017899036407484914,1654115209.7223568,20.0
254,-0.992,0.014,0.005,1654115209.926519,0.004162025451655893,1654115209.9223568,20.0
255,-1.025,0.007,0.007,1654115210.116091,-0.006265878677368164,1654115210.122357,20.0
256,-1.026,0.007,0.007,1654115210.305259,-0.017097902297976475,1654115210.322357,20.0
257,-1.025,0.007,0.007,1654115210.589873,0.06751618385314373,1654115210.522357,20.0
258,-1.025,0.007,0.007,1654115210.715329,-0.0070279598236098195,1654115210.7223568,20.0
259,-1.025,0.007,0.008,1654115210.906024,-0.016332912445072623,1654115210.9223568,20.0
260,-1.025,0.007,0.008,1654115211.111953,-0.010403871536254883,1654115211.122357,20.0
261,-1.025,0.007,0.007,1654115211.318231,-0.004125785827639561,1654115211.322357,20.0
262,-1.025,0.007,0.007,1654115211.585649,0.06329212188720135,1654115211.522357,20.0
263,-1.025,0.007,0.007,1654115211.71661,-0.005746936798097124,1654115211.7223568,20.0
264,-1.025,0.007,0.007,1654115211.922322,-3.4856796268911694e-05,1654115211.9223568,20.0
265,-1.025,0.007,0.007,1654115212.096507,-0.02584981918334961,1654115212.122357,20.0
266,-1.025,0.007,0.007,1654115212.303257,-0.019099903106692295,1654115212.322357,20.0
267,-1.025,0.007,0.007,1654115212.509127,-0.013229990005498848,1654115212.522357,20.0
268,-1.025,0.007,0.007,1654115212.714555,-0.007801866531373491,1654115212.7223568,20.0
269,-1.025,0.007,0.007,1654115212.920317,-0.0020399570465130523,1654115212.9223568,20.0
270,-1.025,0.007,0.007,1654115213.120591,-0.0017659664154052734,1654115213.122357,20.0
271,-1.025,0.006,0.007,1654115213.325123,0.0027661800384493063,1654115213.322357,20.0
272,-1.025,0.007,0.007,1654115213.517631,-0.004725837707525216,1654115213.522357,20.0
273,-1.025,0.007,0.007,1654115213.722218,-0.00013885498047017109,1654115213.7223568,20.0
274,-1.025,0.007,0.007,1654115213.896737,-0.025619792938236685,1654115213.9223568,20.0
275,-1.025,0.007,0.008,1654115214.102848,-0.019508838653564453,1654115214.122357,20.0
276,-1.025,0.007,0.007,1654115214.308587,-0.013769817352297764,1654115214.322357,20.0
277,-1.025,0.007,0.007,1654115214.513236,-0.009120845794683419,1654115214.522357,20.0
278,-1.025,0.007,0.007,1654115214.830111,0.10775413513183452,1654115214.7223568,20.0
279,-1.025,0.008,0.007,1654115214.980856,0.058499050140376596,1654115214.9223568,20.0
280,-1.025,0.007,0.007,1654115216.201917,1.0795600414276123,1654115215.122357,20.0
281,-1.025,0.007,0.008,1654115216.201917,0.8795600414276095,1654115215.322357,20.0
282,-1.025,0.007,0.007,1654115216.201917,0.6795600414276066,1654115215.522357,20.0
283,-1.025,0.006,0.007,1654115216.201917,0.4795600414276109,1654115215.7223568,20.0
284,-1.025,0.007,0.007,1654115216.201917,0.27956004142760804,1654115215.9223568,20.0
285,-1.025,0.007,0.007,1654115216.201917,0.0795600414276123,1654115216.122357,20.0
286,-1.025,0.007,0.008,1654115216.311852,-0.010504913330080967,1654115216.322357,20.0
287,-1.025,0.007,0.007,1654115216.516991,-0.005365991592412911,1654115216.522357,20.0
288,-1.025,0.007,0.007,1654115216.714657,-0.007699823379518023,1654115216.7223568,20.0
289,-1.025,0.007,0.007,1654115216.919538,-0.002818870544437857,1654115216.9223568,20.0
290,-1.025,0.006,0.007,1654115217.125543,0.0031862258911132812,1654115217.122357,20.0
291,-1.025,0.007,0.008,1654115217.330442,0.008085060119626064,1654115217.322357,20.0
292,-1.025,0.007,0.007,1654115217.505139,-0.017217779159551583,1654115217.522357,20.0
293,-1.025,0.007,0.008,1654115217.710878,-0.01147899627685689,1654115217.7223568,20.0
294,-1.025,0.007,0.007,1654115217.947024,0.024667215347285776,1654115217.9223568,20.0
295,-1.025,0.007,0.007,1654115218.105043,-0.01731395721435547,1654115218.122357,20.0
296,-1.025,0.007,0.007,1654115218.310572,-0.011784982681277256,1654115218.322357,20.0
297,-1.025,0.007,0.007,1654115218.516172,-0.006184959411626778,1654115218.522357,20.0
298,-1.025,0.007,0.007,1654115218.721062,-0.0012949466705336476,1654115218.7223568,20.0
299,-1.025,0.007,0.007,1654115218.96852,0.04616303443908265,1654115218.9223568,20.0
300,-1.025,0.007,0.007,1654115219.157602,0.03524518013000488,1654115219.122357,20.0
301,-1.025,0.007,0.007,1654115219.304105,-0.018251848220828037,1654115219.322357,20.0
302,-1.025,0.007,0.007,1654115219.509188,-0.013168954849248848,1654115219.522357,20.0
303,-1.025,0.007,0.007,1654115220.399425,0.6770681381225572,1654115219.7223568,20.0
304,-1.025,0.007,0.007,1654115220.399425,0.47706813812255433,1654115219.9223568,20.0
305,-1.025,0.007,0.007,1654115220.399425,0.2770681381225586,1654115220.122357,20.0
306,-1.025,0.007,0.007,1654115220.399425,0.07706813812255575,1654115220.322357,20.0
307,-1.025,0.007,0.007,1654115220.524978,0.002621030807489433,1654115220.522357,20.0
308,-1.025,0.007,0.007,1654115220.713336,-0.00902090072631978,1654115220.7223568,20.0
309,-1.025,0.007,0.007,1654115220.920598,-0.0017588615417523101,1654115220.9223568,20.0
310,-1.026,0.007,0.007,1654115221.109798,-0.012558937072753906,1654115221.122357,20.0
311,-1.025,0.007,0.007,1654115221.300379,-0.021977853775027256,1654115221.322357,20.0
312,-1.025,0.007,0.008,1654115221.505581,-0.016775989532476387,1654115221.522357,20.0
313,-1.025,0.007,0.007,1654115221.710656,-0.011700963974000445,1654115221.7223568,20.0
314,-1.025,0.007,0.007,1654115221.910137,-0.012219953536991568,1654115221.9223568,20.0
315,-1.025,0.007,0.007,1654115222.114924,-0.0074329376220703125,1654115222.122357,20.0
316,-1.025,0.007,0.008,1654115222.3204,-0.001956892013552647,1654115222.322357,20.0
317,-1.026,0.007,0.007,1654115222.526065,0.003708219528192558,1654115222.522357,20.0
318,-1.0230000000000001,0.008,0.009000000000000001,1654115222.725689,0.003332042694090376,1654115222.7223568,20.0
319,-1.024,0.008,0.008,1654115222.900518,-0.021838951110844107,1654115222.9223568,20.0
320,-1.01,0.295,-0.002,1654115223.119345,-0.003011941909790039,1654115223.122357,20.0
321,-1.078,0.101,-0.024,1654115223.309034,-0.013322782516482334,1654115223.322357,20.0
322,-0.908,0.338,-0.25,1654115223.515069,-0.007287883758550606,1654115223.522357,20.0
323,-0.871,0.388,0.001,1654115223.720494,-0.001862859725960675,1654115223.7223568,20.0
324,-0.965,0.374,0.33,1654115223.910632,-0.011724996566769619,1654115223.9223568,20.0
325,-0.872,0.12,0.491,1654115224.193717,0.07136011123657227,1654115224.122357,20.0
326,-0.969,0.015,0.41000000000000003,1654115224.320763,-0.0015937805175809672,1654115224.322357,20.0
327,-1.043,0.0,0.329,1654115224.526427,0.00407013893126873,1654115224.522357,20.0
328,-0.987,-0.084,0.11,1654115224.699543,-0.02281389236451048,1654115224.7223568,20.0
329,-1.0050000000000001,0.07100000000000001,-0.17500000000000002,1654115224.904634,-0.017722892761227627,1654115224.9223568,20.0
330,-1.01,0.14300000000000002,-0.107,1654115225.110434,-0.011922836303710938,1654115225.122357,20.0
331,-1.062,0.11800000000000001,0.017,1654115225.315758,-0.006598901748660069,1654115225.322357,20.0
332,-0.999,0.151,-0.003,1654115225.521059,-0.00129785537720295,1654115225.522357,20.0
333,-0.987,0.033,0.013000000000000001,1654115225.710771,-0.011585807800301495,1654115225.7223568,20.0
334,-1.025,0.017,0.003,1654115225.916897,-0.005459833145138759,1654115225.9223568,20.0
335,-1.025,-0.006,0.007,1654115226.12127,-0.0010869503021240234,1654115226.122357,20.0
336,-1.025,0.006,0.008,1654115226.326459,0.004102039337155361,1654115226.322357,20.0
337,-1.025,0.006,0.008,1654115226.514389,-0.007967853546148262,1654115226.522357,20.0
338,-1.025,0.006,0.008,1654115226.710571,-0.011785840988167706,1654115226.7223568,20.0
339,-1.025,0.006,0.008,1654115226.908328,-0.014028835296628017,1654115226.9223568,20.0
340,-1.025,0.006,0.007,1654115227.105488,-0.01686882972717285,1654115227.122357,20.0
341,-1.025,0.006,0.007,1654115227.313022,-0.0093349933624296,1654115227.322357,20.0
342,-1.025,0.006,0.007,1654115227.519263,-0.0030938625335750203,1654115227.522357,20.0
343,-1.025,0.006,0.007,1654115227.725202,0.0028451919555578797,1654115227.7223568,20.0
344,-1.025,0.006,0.008,1654115227.914534,-0.007822799682614345,1654115227.9223568,20.0
345,-1.025,0.006,0.008,1654115228.12068,-0.001676797866821289,1654115228.122357,20.0
346,-1.026,0.005,0.007,1654115228.352627,0.030270147323605556,1654115228.322357,20.0
347,-1.025,0.006,0.007,1654115228.511643,-0.01071395874024006,1654115228.522357,20.0
348,-1.024,0.006,0.008,1654115228.706023,-0.016333913803109112,1654115228.7223568,20.0
349,-1.025,0.006,0.008,1654115228.906871,-0.015485811233517666,1654115228.9223568,20.0
350,-1.059,-0.009000000000000001,0.007,1654115229.112598,-0.009758949279785156,1654115229.122357,20.0
351,-0.608,-0.231,0.604,1654115229.348785,0.026428031921383877,1654115229.322357,20.0
352,0.438,0.225,0.767,1654115229.523357,0.0010000228881779094,1654115229.522357,20.0
353,1.0230000000000001,0.291,0.494,1654115229.713917,-0.008439874649056378,1654115229.7223568,20.0
354,0.886,0.17200000000000001,-0.124,1654115229.919966,-0.002390909194943447,1654115229.9223568,20.0
355,0.964,0.11800000000000001,-0.15,1654115230.125323,0.002966165542602539,1654115230.122357,20.0
356,0.963,0.129,0.032,1654115230.311777,-0.010579776763918858,1654115230.322357,20.0
357,0.136,-0.065,0.868,1654115230.51268,-0.009676837921148262,1654115230.522357,20.0
358,-1.116,-0.388,0.539,1654115230.714077,-0.00827989578247923,1654115230.7223568,20.0
359,-1.078,-0.129,-0.08600000000000001,1654115230.916975,-0.0053818702697725485,1654115230.9223568,20.0
360,-1.031,-0.039,-0.08600000000000001,1654115231.121818,-0.0005388259887695312,1654115231.122357,20.0
361,-1.0150000000000001,-0.013000000000000001,-0.044,1654115231.318276,-0.004080963134768467,1654115231.322357,20.0
362,-1.028,0.02,0.007,1654115231.519321,-0.0030359268188533406,1654115231.522357,20.0
363,-1.022,0.0,0.006,1654115231.722805,0.00044813156127077036,1654115231.7223568,20.0
364,-1.026,-0.004,0.009000000000000001,1654115231.928958,0.006601047515871983,1654115231.9223568,20.0
365,-1.027,0.006,0.008,1654115232.102657,-0.019699811935424805,1654115232.122357,20.0
366,-1.027,0.005,0.007,1654115232.308007,-0.014349889755251866,1654115232.322357,20.0
367,-1.026,0.005,0.007,1654115232.512919,-0.009437942504888497,1654115232.522357,20.0
368,-1.026,0.006,0.007,1654115232.718508,-0.0038488864898766906,1654115232.7223568,20.0
369,-1.025,0.006,0.007,1654115232.908871,-0.01348595619201376,1654115232.9223568,20.0
370,-1.025,0.005,0.007,1654115233.114311,-0.00804591178894043,1654115233.122357,20.0
371,-1.026,0.005,0.007,1654115233.320019,-0.0023378849029569437,1654115233.322357,20.0
372,-1.025,0.005,0.007,1654115233.530554,0.008197164535516777,1654115233.522357,20.0
373,-1.025,0.005,0.007,1654115233.731913,0.009556198120108661,1654115233.7223568,20.0
374,-1.025,0.005,0.007,1654115233.905162,-0.017194795608517666,1654115233.9223568,20.0
375,-1.025,0.005,0.007,1654115234.111841,-0.010515928268432617,1654115234.122357,20.0
376,-1.025,0.005,0.007,1654115234.31778,-0.004576873779299717,1654115234.322357,20.0
377,-1.025,0.005,0.007,1654115234.571078,0.048721170425409355,1654115234.522357,20.0
378,-1.025,0.005,0.007,1654115234.712202,-0.010154819488533917,1654115234.7223568,20.0
379,-1.025,0.005,0.007,1654115234.917912,-0.004444885253903408,1654115234.9223568,20.0
380,-1.025,0.005,0.007,1654115235.123659,0.0013020038604736328,1654115235.122357,20.0
381,-1.025,0.005,0.007,1654115235.32959,0.007233190536496181,1654115235.322357,20.0
382,-1.025,0.005,0.007,1654115235.597876,0.07551918029784588,1654115235.522357,20.0
383,-1.025,0.005,0.007,1654115235.7087,-0.013656949996956769,1654115235.7223568,20.0
384,-1.025,0.005,0.007,1654115235.914591,-0.007765817642223283,1654115235.9223568,20.0
385,-1.025,0.005,0.007,1654115236.103493,-0.018863916397094727,1654115236.122357,20.0
386,-1.025,0.005,0.007,1654115236.393983,0.07162599563598349,1654115236.322357,20.0
387,-1.025,0.005,0.007,1654115236.519821,-0.002535963058477364,1654115236.522357,20.0
388,-1.025,0.005,0.007,1654115236.725915,0.0035580635070715516,1654115236.7223568,20.0
389,-1.026,0.005,0.007,1654115236.929641,0.0072841167449837485,1654115236.9223568,20.0
390,-1.025,0.005,0.007,1654115237.118018,-0.004338979721069336,1654115237.122357,20.0
391,-1.025,0.005,0.007,1654115237.323615,0.0012581825256319235,1654115237.322357,20.0
392,-1.025,0.006,0.007,1654115237.513369,-0.008987808227544747,1654115237.522357,20.0
393,-1.025,0.005,0.007,1654115237.752595,0.0302380561828528,1654115237.7223568,20.0
394,-1.025,0.005,0.007,1654115237.909413,-0.012943792343151017,1654115237.9223568,20.0
395,-1.025,0.005,0.007,1654115238.165068,0.04271101951599121,1654115238.122357,20.0
396,-1.025,0.006,0.007,1654115238.320097,-0.002259922027590733,1654115238.322357,20.0
397,-1.025,0.005,0.007,1654115238.524919,0.002562141418451347,1654115238.522357,20.0
398,-1.025,0.005,0.007,1654115238.793769,0.07141199111937624,1654115238.7223568,20.0
399,-1.025,0.005,0.007,1654115238.920371,-0.001985836029064103,1654115238.9223568,20.0
400,-1.025,0.005,0.008,1654115239.125167,0.0028100013732910156,1654115239.122357,20.0
401,-1.025,0.005,0.007,1654115239.299713,-0.022643995285037022,1654115239.322357,20.0
402,-1.025,0.005,0.007,1654115239.504051,-0.018305921554571114,1654115239.522357,20.0
403,-1.025,0.005,0.007,1654115239.789983,0.06762614250182253,1654115239.7223568,20.0
404,-1.025,0.005,0.007,1654115239.916314,-0.006043004989635392,1654115239.9223568,20.0
405,-1.025,0.005,0.007,1654115240.618736,0.49637913703918457,1654115240.122357,20.0
406,-1.025,0.005,0.007,1654115240.619784,0.2974272251129122,1654115240.322357,20.0
407,-1.025,0.005,0.007,1654115240.621756,0.09939918518065838,1654115240.522357,20.0
408,-1.025,0.005,0.007,1654115240.723715,0.0013581752777014344,1654115240.7223568,20.0
409,-1.025,0.005,0.007,1654115240.928575,0.0062181472778206626,1654115240.9223568,20.0
410,-1.025,0.005,0.007,1654115241.10185,-0.020506858825683594,1654115241.122357,20.0
411,-1.025,0.005,0.007,1654115241.308177,-0.014179897308352452,1654115241.322357,20.0
412,-1.025,0.005,0.007,1654115241.513617,-0.008739852905279122,1654115241.522357,20.0
